"2056.0","7.0","280.9913427925296"
"2068.0","7.0","281.4952123967184"
"2050.0","4.0","278.949122732657"
"2086.0","8.0","281.79874081941244"
"2097.0","4.0","280.7131078229632"
"2065.0","11.0","279.96922061011907"
"2072.0","3.0","278.83062941028226"
"2051.0","7.0","280.8007620534589"
"2002.0","3.0","276.89800029370997"
"1990.0","3.0","276.46703051495297"
"1984.0","9.0","277.53228183322483"
"1952.0","3.0","275.63385177699166"
"2064.0","6.0","281.21139285133"
"2056.0","8.0","280.56050842225494"
"1952.0","6.0","278.73091574276197"
"2081.0","4.0","280.2119374318166"
"1985.0","4.0","277.47414833351417"
"2049.0","10.0","279.41776322122115"
"2043.0","10.0","279.2451632591986"
"1992.0","6.0","278.9017915015127"
"2100.0","12.0","281.196001618276"
"2036.0","12.0","278.20753656749656"
"2035.0","11.0","278.7437407347533"
"1996.0","8.0","278.4271275783525"
"1967.0","3.0","275.6207154523515"
"1988.0","11.0","276.61181455125995"
"1964.0","6.0","278.48563622368704"
"2015.0","9.0","278.6282381184896"
"1984.0","7.0","278.7860754416408"
"2085.0","11.0","280.6374450683594"
"1982.0","6.0","279.0142790052626"
"1955.0","5.0","278.20929319899267"
"2027.0","8.0","279.610277859181"
"2095.0","7.0","282.3741957961872"
"2026.0","3.0","276.9621810524492"
"2077.0","5.0","281.07973303956993"
"2087.0","12.0","280.3080426334785"
"1955.0","11.0","276.3860333610983"
"2032.0","7.0","280.1577616319007"
"1993.0","12.0","276.2089676395539"
"2094.0","12.0","280.42220377494783"
"2066.0","12.0","279.63211405529955"
"2031.0","7.0","280.1410138530116"
"2008.0","8.0","279.1097708003312"
"1992.0","4.0","277.5321293849571"
"1999.0","11.0","277.15344035581467"
"2044.0","4.0","278.83713303338914"
"2005.0","12.0","277.10034103393554"
"2085.0","2.0","279.1535794005102"
"2018.0","9.0","278.72445489792597"
"2012.0","2.0","276.16245580212825"
"2008.0","6.0","279.41306396484373"
"2090.0","9.0","281.2791458129883"
"1979.0","4.0","277.4032281946253"
"2009.0","11.0","277.74277457101005"
"1951.0","9.0","277.52912454044116"
"2071.0","1.0","279.056098171533"
"1978.0","6.0","278.884288212291"
"1975.0","9.0","277.45336378666394"
"1999.0","10.0","277.72791643040154"
"2046.0","3.0","277.70247572094615"
"1959.0","11.0","276.3655278224571"
"1959.0","12.0","275.97995172674007"
"2065.0","6.0","281.28315528506323"
"2074.0","1.0","279.27124882825274"
"2036.0","2.0","276.9561785993905"
"1975.0","6.0","278.7853452448259"
"2078.0","5.0","281.14573447269885"
"2043.0","4.0","278.7691473969959"
"2035.0","1.0","277.48981880913016"
"2032.0","11.0","278.60202162000866"
"2044.0","7.0","280.6194567983601"
"2000.0","11.0","277.2257820657678"
"2039.0","8.0","279.9949830031309"
"1971.0","10.0","276.7748263865861"
"2068.0","9.0","280.4261139497303"
"2048.0","8.0","280.20422330466647"
"1999.0","6.0","279.3169295134368"
"2064.0","4.0","279.5616576857794"
"2009.0","3.0","276.2735389814948"
"2008.0","2.0","276.08397406216324"
"1988.0","5.0","278.7214952501445"
"1978.0","3.0","276.09214536605344"
"1965.0","9.0","277.23504825168186"
"2029.0","6.0","280.0076555406725"
"2070.0","11.0","280.10585896809897"
"2061.0","2.0","278.15727906519055"
"2072.0","4.0","279.87918660481773"
"1979.0","10.0","277.1591636630369"
"2031.0","6.0","280.05205063996493"
"2045.0","3.0","277.72716171334963"
"2029.0","11.0","278.44711820585235"
"2067.0","4.0","279.6682042294457"
"2021.0","3.0","276.7401476897646"
"2087.0","10.0","280.77702290759106"
"1991.0","4.0","277.7700736251532"
"2074.0","2.0","278.7687313418591"
"1979.0","3.0","276.045178539864"
"1976.0","10.0","276.86349886261144"
"2024.0","1.0","277.2012469513509"
"2052.0","7.0","280.8544806058764"
"2089.0","10.0","280.96373603848144"
"2043.0","3.0","277.56348595685125"
"1997.0","1.0","275.8728834582913"
"2062.0","6.0","281.2309891764323"
"2079.0","10.0","280.57764909074115"
"1994.0","1.0","275.60208496312515"
"2060.0","9.0","280.18728422277115"
"2017.0","12.0","277.5369183377736"
"1952.0","8.0","278.0395181789796"
"2022.0","2.0","276.5477844467737"
"1981.0","8.0","278.2357195235495"
"1983.0","6.0","278.84417543764465"
"2074.0","7.0","281.7136199339224"
"2069.0","5.0","280.68056418423276"
"2030.0","8.0","279.6353289629962"
"1975.0","7.0","278.6360999011832"
"2014.0","8.0","279.2513977613317"
"2094.0","1.0","279.8128336971379"
"1981.0","5.0","278.5292736860159"
"1957.0","10.0","276.92420064792236"
"2025.0","10.0","278.6413533545917"
"2054.0","1.0","278.3439636230469"
"2001.0","11.0","277.24937911688113"
"1959.0","3.0","275.8076188089273"
"2052.0","10.0","279.51592256086377"
"2072.0","8.0","281.230812375117"
"1950.0","5.0","278.1654766162387"
"1955.0","3.0","275.72226067964675"
"1974.0","4.0","277.15001563356634"
"2066.0","7.0","281.42079636534237"
"2034.0","5.0","279.4710124247783"
"2062.0","10.0","279.97896444434946"
"2042.0","8.0","280.0533933859267"
"1971.0","2.0","275.0412868987349"
"2001.0","8.0","278.6670854774779"
"1994.0","4.0","277.6915669193974"
"2080.0","11.0","280.4977752685547"
"1990.0","11.0","276.9838878328838"
"2096.0","8.0","282.0832274546821"
"2007.0","9.0","278.4087945265997"
"2007.0","10.0","278.0581793859807"
"2051.0","12.0","278.91762619436986"
"1984.0","4.0","277.44943129928026"
"1955.0","6.0","278.7915311327168"
"2098.0","10.0","281.17932511099826"
"2056.0","11.0","279.52967683426056"
"2091.0","9.0","281.3522560188362"
"2014.0","1.0","276.78837131201396"
"2065.0","12.0","279.62592584987937"
"2098.0","1.0","280.07736837253174"
"1964.0","2.0","274.65962996793434"
"1959.0","7.0","278.67661889092517"
"2036.0","8.0","279.84415698307816"
"2071.0","6.0","281.499987327939"
"1979.0","9.0","277.55502856219255"
"1983.0","3.0","276.0376631760683"
"2004.0","6.0","279.5048558852252"
"2040.0","4.0","278.5770857634368"
"2070.0","5.0","280.70091696181055"
"2004.0","1.0","276.12928792240496"
"2057.0","10.0","279.7613394430539"
"2059.0","2.0","278.0549729582551"
"2009.0","4.0","277.54042471749443"
"2064.0","1.0","278.8686508530296"
"2003.0","10.0","277.7966851771896"
"2072.0","11.0","280.29199849446616"
"2021.0","5.0","278.9890864929418"
"2008.0","3.0","276.17808452553464"
"1998.0","2.0","275.81538009643555"
"2094.0","11.0","280.80352884928385"
"2036.0","1.0","277.61190776756587"
"2097.0","10.0","281.14273380683863"
"1970.0","12.0","275.9288676185802"
"2059.0","9.0","280.0972522774128"
"2051.0","10.0","279.43126943718147"
"1987.0","1.0","275.591802617555"
"2061.0","6.0","281.1508897472563"
"1962.0","11.0","276.4558237146448"
"2039.0","5.0","279.57920594027394"
"1971.0","8.0","278.01353073767774"
"2099.0","1.0","280.09517608501943"
"2003.0","8.0","278.6932271707669"
"1958.0","7.0","278.731459557897"
"1955.0","12.0","276.0793490038877"
"2095.0","11.0","280.8816891140408"
"2025.0","11.0","278.3131104854115"
"2098.0","9.0","281.5327763576134"
"2038.0","7.0","280.35490048316217"
"2009.0","8.0","279.10507365283877"
"2039.0","3.0","277.41941715910446"
"2078.0","12.0","280.07101243542087"
"1978.0","1.0","275.44819788778983"
"2090.0","8.0","281.92413726587876"
"2096.0","3.0","279.84583321145055"
"1967.0","4.0","277.02327106617116"
"1964.0","9.0","277.13965295862266"
"2034.0","4.0","278.4549070341093"
"2055.0","5.0","280.1774179527603"
"2001.0","1.0","276.1907434336827"
"2029.0","2.0","276.87330391784434"
"2011.0","6.0","279.4541382707868"
"2060.0","1.0","278.71608283895245"
"1972.0","8.0","277.99212983265795"
"2021.0","7.0","279.8810764709254"
"2006.0","10.0","278.0772171512727"
"2083.0","12.0","280.17676098388006"
"2084.0","6.0","281.93492594401044"
"2077.0","4.0","280.11205658783786"
"1992.0","7.0","278.6566247234308"
"2007.0","1.0","276.6594084990189"
"2026.0","11.0","278.4441797356856"
"2061.0","9.0","280.19336786179315"
"2049.0","5.0","279.8662628939502"
"1977.0","11.0","276.4739854243764"
"2035.0","8.0","279.84708748429154"
"2041.0","11.0","278.9628109595889"
"2061.0","11.0","279.80076590401785"
"1950.0","10.0","276.87347637951035"
"2031.0","3.0","277.03627175498605"
"2058.0","12.0","279.25458336435804"
"1952.0","5.0","278.1652675679332"
"2058.0","2.0","277.95758971507416"
"2049.0","3.0","277.7643394060032"
"2010.0","10.0","278.23226699008734"
"1994.0","3.0","276.4613448932607"
"2056.0","1.0","278.48344974760204"
"2061.0","5.0","280.4657489829349"
"2095.0","3.0","279.6349084505471"
"1973.0","2.0","275.12666492892384"
"2002.0","12.0","276.7628567603327"
"2079.0","5.0","281.1675623899558"
"2011.0","12.0","277.23887731314807"
"2083.0","11.0","280.5293466921206"
"2050.0","9.0","279.70564309579356"
"1985.0","5.0","278.51356752457156"
"2015.0","12.0","277.4022273331743"
"1966.0","3.0","275.649413898427"
"2021.0","4.0","277.93775889078773"
"2028.0","1.0","277.3534806256383"
"2006.0","3.0","276.2108139389671"
"2012.0","7.0","279.57359661330827"
"2074.0","5.0","280.9400913601038"
"2017.0","4.0","277.74435642787387"
"1974.0","1.0","275.39481969033517"
"2033.0","9.0","279.17780622209824"
"2005.0","5.0","279.1090411017923"
"2066.0","3.0","278.67051596927206"
"2089.0","5.0","281.6007792975313"
"2090.0","11.0","280.7806920369466"
"1968.0","12.0","275.83862824252003"
"2023.0","7.0","279.87980550821044"
"2082.0","1.0","279.63173352934115"
"2010.0","5.0","278.63968045517413"
"2089.0","1.0","279.81826839652115"
"1983.0","8.0","278.05107012786317"
"1973.0","6.0","278.7973239296361"
"2087.0","8.0","281.76102053031394"
"2087.0","3.0","279.51920196955103"
"2006.0","1.0","276.64403419318836"
"2037.0","6.0","280.218620441578"
"1995.0","2.0","275.3870182340107"
"2060.0","8.0","280.7665834372591"
"2068.0","5.0","280.6988979919715"
"2002.0","10.0","277.82374390343335"
"2032.0","5.0","279.4014613380569"
"2013.0","5.0","278.7691117387763"
"1989.0","11.0","276.82594466863895"
"2040.0","5.0","279.62386825178686"
"1958.0","8.0","278.1208917085767"
"2093.0","1.0","279.9488939918844"
"2081.0","5.0","281.26649907452185"
"1965.0","7.0","278.4533982362371"
"1970.0","1.0","275.3233502684303"
"2067.0","3.0","278.64940236175113"
"1994.0","11.0","276.6954780296043"
"2000.0","8.0","278.62737783968174"
"2076.0","2.0","278.8950884446627"
"1964.0","10.0","276.5359582388273"
"1999.0","4.0","277.98693723325374"
"1998.0","1.0","275.9058404737903"
"1955.0","2.0","275.0057022992302"
"1998.0","11.0","277.0479063245985"
"2024.0","9.0","278.88127982156317"
"2003.0","2.0","275.7632342426717"
"2099.0","8.0","282.1496635190902"
"1966.0","2.0","274.8734312511626"
"2083.0","8.0","281.52818385845444"
"2007.0","4.0","277.41992829822357"
"2034.0","8.0","279.83217705325035"
"2049.0","2.0","277.5186441512335"
"2097.0","5.0","281.7326431766633"
"1991.0","12.0","276.16524654728636"
"2031.0","8.0","279.7084499345458"
"1983.0","2.0","275.12862069266185"
"1988.0","6.0","279.1400559967639"
"2048.0","6.0","280.61101557413735"
"2009.0","1.0","276.75526505571355"
"2088.0","12.0","280.4354616410047"
"2076.0","10.0","280.5016037559343"
"2030.0","12.0","277.9874159556009"
"2078.0","6.0","281.7620670627903"
"2084.0","5.0","281.35593990202875"
"1954.0","7.0","278.77171901869366"
"2016.0","9.0","278.650734194801"
"2100.0","3.0","279.9104352151194"
"2030.0","11.0","278.5016076715143"
"1950.0","7.0","278.68128356354515"
"1950.0","12.0","276.1154008029308"
"2030.0","2.0","276.82103879479365"
"2004.0","12.0","276.75035115482683"
"2040.0","2.0","277.1263094788767"
"1980.0","2.0","275.38177089346647"
"2067.0","1.0","279.05118394139726"
"2082.0","5.0","281.307182544818"
"2078.0","8.0","281.4969403666835"
"1993.0","8.0","278.2151843108584"
"1960.0","10.0","276.951646975719"
"1991.0","10.0","277.26461525614843"
"2042.0","6.0","280.4543399483817"
"2062.0","1.0","278.76204693350377"
"1956.0","2.0","275.0351893674529"
"2044.0","5.0","279.86034301195275"
"1992.0","9.0","277.55641748764936"
"2001.0","5.0","279.04564196244587"
"2030.0","5.0","279.23548408914047"
"2039.0","4.0","278.52483017532916"
"1992.0","10.0","276.90695728975186"
"2000.0","3.0","276.77600514870454"
"1951.0","1.0","275.4886277142693"
"2046.0","9.0","279.6332383219401"
"2059.0","4.0","279.2222766914753"
"2096.0","2.0","279.6507274308228"
"1957.0","6.0","278.88841085994943"
"2071.0","9.0","280.5466848609561"
"2036.0","5.0","279.5019997490777"
"1985.0","11.0","276.65266661467376"
"1967.0","12.0","275.7967988701277"
"2011.0","2.0","276.2086815036073"
"2034.0","7.0","280.2340406635687"
"1988.0","3.0","276.421449606966"
"2034.0","2.0","277.02069471793743"
"2019.0","9.0","278.74216544015064"
"2033.0","11.0","278.6908931187221"
"2038.0","9.0","279.27941688255027"
"1951.0","8.0","278.086964153022"
"2005.0","4.0","278.1884227677888"
"2001.0","3.0","276.86103661553454"
"2047.0","1.0","278.04696011169716"
"2048.0","11.0","279.1954718983106"
"2017.0","6.0","279.6304534621466"
"2086.0","4.0","280.4011347016834"
"2000.0","7.0","279.1994892829391"
"2050.0","12.0","278.8500762994144"
"2018.0","2.0","276.39356499496773"
"1967.0","6.0","278.64549458821614"
"1961.0","12.0","276.060782702593"
"2033.0","12.0","278.2047080820099"
"1958.0","12.0","276.1226067733041"
"2014.0","11.0","277.87949922107515"
"2090.0","7.0","282.4012779044421"
"1988.0","7.0","278.9036766211493"
"2084.0","3.0","279.447324016237"
"2057.0","5.0","280.1849764677553"
"2080.0","3.0","279.23655076762753"
"2075.0","1.0","279.3091850247504"
"2048.0","7.0","280.6932535479146"
"2022.0","9.0","278.8084120901007"
"1980.0","12.0","276.2631747132329"
"1986.0","1.0","275.54515950739597"
"2043.0","8.0","280.07769108785465"
"2078.0","7.0","281.89580181357957"
"2034.0","10.0","278.95953369140625"
"2074.0","10.0","280.320629409218"
"2015.0","4.0","277.61921752929686"
"2021.0","2.0","276.54763803027924"
"1977.0","12.0","276.04100977018453"
"1972.0","2.0","275.0109376440031"
"2018.0","5.0","278.86409588651173"
"1972.0","6.0","278.81698329992463"
"2075.0","2.0","278.789312208021"
"2068.0","1.0","278.94912725351924"
"2064.0","10.0","280.00365108366935"
"2079.0","7.0","281.98327373315067"
"2004.0","4.0","278.1735422770182"
"2017.0","5.0","278.841749312581"
"2069.0","2.0","278.5536656905194"
"2042.0","10.0","279.2048001478345"
"2013.0","11.0","277.82598658970426"
"2014.0","2.0","276.20057967828245"
"2040.0","12.0","278.41680880635306"
"2079.0","2.0","279.0456021577695"
"2025.0","5.0","279.13884601690165"
"2079.0","3.0","279.3225176943419"
"1993.0","1.0","275.56014298196334"
"2054.0","5.0","280.1016020266774"
"1996.0","6.0","279.2382327609592"
"2097.0","2.0","279.59187793342437"
"2074.0","11.0","280.2130075265695"
"2047.0","8.0","280.2586678359915"
"2089.0","2.0","279.3371704949273"
"1954.0","8.0","278.14590847876764"
"2026.0","6.0","279.9570812292266"
"1951.0","11.0","276.40789052925857"
"1968.0","4.0","277.09586441605177"
"2043.0","9.0","279.5151613943917"
"2047.0","7.0","280.63684962400094"
"2041.0","6.0","280.378803914388"
"2022.0","12.0","277.74111417760673"
"2042.0","12.0","278.5080128190704"
"2034.0","1.0","277.5152194647552"
"2041.0","12.0","278.5168306271601"
"2022.0","11.0","278.18513445937845"
"2075.0","6.0","281.6072793496622"
"2044.0","10.0","279.31341279904416"
"2040.0","6.0","280.34749908447264"
"1977.0","1.0","275.43801221863725"
"2046.0","12.0","278.66644264607936"
"2055.0","2.0","277.8272346397499"
"2064.0","2.0","278.3413698694389"
"2096.0","10.0","281.092228452621"
"1962.0","1.0","275.5282055160905"
"2030.0","1.0","277.3029128243431"
"2004.0","11.0","277.27986192890245"
"2028.0","6.0","279.98810561330697"
"2044.0","12.0","278.6141566122732"
"2053.0","6.0","280.84188017003675"
"2042.0","2.0","277.3135392169563"
"1986.0","6.0","279.0052106504087"
"2047.0","10.0","279.3855747767857"
"1997.0","10.0","277.5936207104755"
"1956.0","4.0","277.12758489870555"
"2052.0","8.0","280.44536151922176"
"2085.0","6.0","281.9607330031622"
"2046.0","10.0","279.32774534445207"
"2065.0","5.0","280.561623062626"
"2080.0","7.0","281.9526164712548"
"1988.0","10.0","277.14095368647713"
"2000.0","5.0","278.9804152622018"
"2053.0","10.0","279.5612512693459"
"1973.0","3.0","275.9789816268636"
"2018.0","10.0","278.36219842444916"
"1980.0","7.0","278.8616366291193"
"2070.0","9.0","280.50687436058405"
"1999.0","3.0","276.82701706971744"
"1960.0","7.0","278.76680736473384"
"2020.0","12.0","277.6095598852653"
"2014.0","12.0","277.3063903808594"
"1973.0","5.0","278.27925863735544"
"1956.0","3.0","275.7276055989274"
"1959.0","9.0","277.4661199831495"
"2073.0","1.0","279.2685989325192"
"1954.0","10.0","276.8901683944905"
"2013.0","10.0","278.1694870346702"
"2089.0","4.0","280.53629034536857"
"2032.0","1.0","277.3749773032349"
"2019.0","1.0","276.96644281484015"
"2011.0","5.0","278.71403493573587"
"2082.0","12.0","280.17246511472877"
"1953.0","6.0","278.7460314582376"
"2080.0","8.0","281.5158826300863"
"1957.0","1.0","275.59108188346846"
"1983.0","12.0","276.1306422517291"
"2009.0","7.0","279.52806899954095"
"2035.0","3.0","277.19043460969004"
"1983.0","4.0","277.3704022442853"
"2033.0","4.0","278.4258297002883"
"1961.0","1.0","275.4127727768327"
"2044.0","8.0","280.1688982282366"
"2042.0","1.0","277.8939298427599"
"2023.0","6.0","279.7748190896553"
"2095.0","2.0","279.4690884484185"
"1962.0","3.0","275.7809763262349"
"2011.0","11.0","277.7595202346075"
"2060.0","7.0","281.18005570876755"
"2076.0","11.0","280.3779655937676"
"2018.0","4.0","277.7778753952753"
"1961.0","11.0","276.44754000063296"
"1995.0","12.0","276.3445020559441"
"2074.0","6.0","281.62002733935105"
"1953.0","5.0","278.16018016605267"
"2087.0","4.0","280.40454630533856"
"2006.0","11.0","277.698506585984"
"2048.0","9.0","279.62336487946686"
"2009.0","10.0","278.1675919071321"
"2013.0","7.0","279.63370631345407"
"2080.0","9.0","280.8811902295362"
"2041.0","3.0","277.5409170405656"
"2095.0","1.0","279.88143062249736"
"2097.0","11.0","281.00020408993674"
"2004.0","10.0","277.7935947367543"
"2014.0","10.0","278.24068153486826"
"1976.0","11.0","276.3741055137233"
"2084.0","2.0","279.16884059060385"
"2039.0","1.0","277.58338706724106"
"2096.0","7.0","282.5215925225464"
"1974.0","10.0","276.8776977228187"
"1974.0","2.0","275.0473942003752"
"2049.0","7.0","280.663340633488"
"2006.0","7.0","279.4685556438112"
"2019.0","7.0","279.73677320348503"
"2033.0","1.0","277.5527980259487"
"2076.0","1.0","279.39136367438664"
"2058.0","3.0","278.16303456773505"
"2023.0","11.0","278.2863570899294"
"2069.0","12.0","279.73187388055334"
"2040.0","11.0","278.9180738095884"
"2058.0","1.0","278.4799526658343"
"2044.0","2.0","277.43393620833973"
"2061.0","4.0","279.4647268531436"
"2089.0","12.0","280.46438617774663"
"1981.0","3.0","276.3045652656145"
"2020.0","2.0","276.44233335297685"
"2060.0","11.0","279.8093089635961"
"1990.0","7.0","279.03617092431415"
"2026.0","2.0","276.74286706107006"
"2093.0","5.0","281.5801722053455"
"1966.0","4.0","277.01409053096063"
"2071.0","2.0","278.55713476064255"
"2057.0","1.0","278.4524466028894"
"2021.0","11.0","278.20355577822085"
"2033.0","8.0","279.7695628645233"
"2006.0","8.0","279.0981546006444"
"2029.0","3.0","277.0367150942762"
"2046.0","8.0","280.19253961941064"
"1975.0","10.0","276.80419460743514"
"1991.0","8.0","278.2618054963606"
"2095.0","5.0","281.56577508851194"
"2048.0","2.0","277.5936631535205"
"2002.0","11.0","277.26572762283627"
"1998.0","10.0","277.53489460825494"
"2098.0","7.0","282.6281019062426"
"1982.0","4.0","277.5173695317021"
"2088.0","9.0","281.11298520042783"
"2084.0","7.0","282.0321053359915"
"2024.0","4.0","278.0176680983159"
"2020.0","8.0","279.3915601926648"
"2068.0","11.0","280.0529795328776"
"1995.0","5.0","278.6981876058818"
"2008.0","12.0","277.2843711185016"
"2017.0","3.0","276.4570619363389"
"1982.0","2.0","275.4960882398817"
"2001.0","4.0","278.06518806008734"
"1955.0","4.0","277.0670481962316"
"2090.0","6.0","282.24779041431566"
"2009.0","9.0","278.5291142054966"
"2008.0","11.0","277.69212719145276"
"2091.0","7.0","282.4050201974751"
"2005.0","2.0","276.10865745223873"
"2026.0","10.0","278.67598671257394"
"2065.0","4.0","279.55410336449035"
"2011.0","8.0","279.12995419831867"
"2001.0","9.0","278.23659733790976"
"1986.0","2.0","275.4308025420658"
"1984.0","2.0","275.25292483508815"
"2076.0","4.0","280.06712003140836"
"2083.0","6.0","281.91570660626445"
"2077.0","9.0","280.83101130305107"
"2049.0","6.0","280.6138868826407"
"2071.0","10.0","280.26785508960074"
"2099.0","12.0","280.6956512720181"
"1981.0","10.0","277.1392158316882"
"1970.0","10.0","276.7661772697203"
"2072.0","5.0","280.916755078575"
"2084.0","10.0","280.78032415012063"
"1986.0","11.0","276.71877232304325"
"1990.0","1.0","275.83298681115593"
"2038.0","11.0","278.8095353020562"
"2073.0","8.0","281.3456202407892"
"2020.0","10.0","278.474607523319"
"1973.0","7.0","278.6087275506685"
"2007.0","6.0","279.3405713471912"
"2045.0","1.0","278.0165225261917"
"1995.0","10.0","277.3759299110768"
"1950.0","3.0","275.6322474904938"
"1993.0","10.0","277.16947510421915"
"2008.0","7.0","279.5388108495194"
"2022.0","5.0","279.0020891846947"
"1982.0","12.0","276.11700576180624"
"1979.0","1.0","275.497557007711"
"2005.0","8.0","278.6851761472293"
"2063.0","12.0","279.4578122749856"
"1971.0","9.0","277.43068173057156"
"2083.0","7.0","282.0005215060326"
"2010.0","1.0","276.780034195626"
"2098.0","3.0","279.862689313219"
"1985.0","6.0","278.9450455277054"
"1974.0","3.0","275.8192474417047"
"2083.0","3.0","279.32066358887596"
"2068.0","4.0","279.71099647158667"
"1962.0","9.0","277.44861591480395"
"1968.0","11.0","276.19710241247105"
"2039.0","12.0","278.30523003472223"
"2072.0","10.0","280.3847669750864"
"1997.0","5.0","278.9381790434588"
"1957.0","4.0","277.14910044950597"
"2013.0","4.0","277.662264898391"
"1990.0","6.0","279.23646293519033"
"2096.0","5.0","281.70938453498525"
"1995.0","3.0","276.4810282389323"
"2094.0","3.0","279.58831188242925"
"1982.0","11.0","276.52262262415"
"2049.0","11.0","279.21515955041957"
"2096.0","9.0","281.43713919503347"
"2007.0","2.0","276.2038685701331"
"2043.0","12.0","278.500198547082"
"2099.0","7.0","282.6545645296299"
"2028.0","12.0","277.94356222104136"
"2036.0","3.0","277.30203498648916"
"1960.0","8.0","278.1158148105854"
"2035.0","2.0","276.9734698262454"
"2085.0","8.0","281.6619361420381"
"2035.0","12.0","278.2424057542232"
"1977.0","3.0","275.99668394648967"
"1962.0","7.0","278.61041894181227"
"1956.0","6.0","278.84050939223346"
"1998.0","4.0","278.0281458536784"
"2051.0","11.0","279.28953978927046"
"1973.0","9.0","277.3483087907758"
"2096.0","1.0","280.05233427126836"
"2035.0","5.0","279.4689358193249"
"2007.0","12.0","277.177437468498"
"1966.0","9.0","277.32003004286025"
"2044.0","1.0","277.93020416119134"
"1955.0","7.0","278.7539224063649"
"2025.0","6.0","279.88999952349747"
"2073.0","5.0","280.92256262994584"
"2079.0","6.0","281.8672510920344"
"2061.0","1.0","278.69710288333454"
"1967.0","5.0","278.124511117149"
"2078.0","2.0","278.9665584785137"
"1989.0","2.0","275.46876134792296"
"1974.0","7.0","278.60553890416094"
"1997.0","2.0","275.8216736203148"
"1968.0","2.0","274.92439205710457"
"2032.0","6.0","280.1103121157046"
"2028.0","5.0","279.22133997866985"
"1995.0","1.0","275.6809422756181"
"1987.0","6.0","279.0449096114547"
"2030.0","10.0","278.7749454727772"
"1958.0","5.0","278.2257338348331"
"2026.0","1.0","277.3144095506652"
"2092.0","8.0","281.961018756045"
"1963.0","10.0","276.71389978333616"
"2057.0","3.0","278.0781290869093"
"2031.0","12.0","278.0032019939901"
"2099.0","11.0","281.009373489534"
"2056.0","12.0","279.0573114449211"
"2059.0","1.0","278.6489426956848"
"2017.0","9.0","278.69622015090215"
"2072.0","1.0","279.1828900174611"
"2086.0","12.0","280.2785965739307"
"2062.0","12.0","279.46464703116"
"1981.0","2.0","275.35965317014666"
"1965.0","4.0","277.00188604284216"
"1980.0","11.0","276.71402510385667"
"2084.0","12.0","280.22337809619813"
"2041.0","2.0","277.206472186653"
"2041.0","5.0","279.7016388361355"
"2082.0","4.0","280.3145874848237"
"2032.0","10.0","278.84215348766696"
"1971.0","1.0","275.29961614171594"
"2019.0","2.0","276.3543692763971"
"2056.0","9.0","279.9167509136778"
"2004.0","7.0","279.22719589899344"
"1999.0","2.0","276.0065854390462"
"2038.0","12.0","278.29788404895413"
"2049.0","4.0","278.85565366391785"
"2075.0","7.0","281.7992395136599"
"1999.0","8.0","278.5636175012076"
"1975.0","3.0","275.9786813214598"
"2028.0","2.0","276.7642794018865"
"2028.0","4.0","278.1987867121111"
"2052.0","6.0","280.7067897123449"
"1978.0","12.0","275.9885249010382"
"2020.0","6.0","279.68921346513054"
"2088.0","2.0","279.2707472627386"
"2040.0","7.0","280.3896189590509"
"2007.0","7.0","279.4715070170741"
"2066.0","11.0","280.04835719517297"
"1993.0","2.0","275.5080937582349"
"1952.0","2.0","275.0237832214479"
"2085.0","9.0","281.0950619942801"
"2095.0","6.0","282.2514222886827"
"2082.0","3.0","279.3907937646016"
"2081.0","1.0","279.5733326493706"
"2013.0","9.0","278.54089105515254"
"2020.0","9.0","278.73478647867836"
"1970.0","6.0","278.68357303017063"
"2002.0","6.0","279.4759230669807"
"2006.0","6.0","279.3384021577381"
"2068.0","2.0","278.38930089790836"
"2040.0","1.0","277.699578425363"
"2039.0","6.0","280.3314090870045"
"2026.0","7.0","280.0678644099341"
"2015.0","3.0","276.3738988076487"
"2075.0","12.0","279.97657348845667"
"2010.0","4.0","277.5022765628875"
"1986.0","10.0","277.04786003960504"
"1980.0","6.0","279.0081553141276"
"1996.0","5.0","278.8173101828517"
"1958.0","9.0","277.507631967582"
"2090.0","4.0","280.49764825326423"
"2069.0","7.0","281.483845625495"
"2050.0","3.0","277.8572256983822"
"2023.0","3.0","276.7054039998856"
"2094.0","10.0","280.91387693343626"
"1968.0","7.0","278.5648351963276"
"1956.0","11.0","276.5346107632506"
"2029.0","5.0","279.23969977195094"
"1986.0","7.0","278.82538410583277"
"2052.0","1.0","278.3201378201624"
"1999.0","12.0","276.59577333097343"
"2001.0","2.0","275.9477275559882"
"2003.0","6.0","279.41863876043584"
"2086.0","5.0","281.43045887749315"
"1999.0","7.0","279.15578911894113"
"1978.0","11.0","276.5054322359855"
"1968.0","3.0","275.79342875600287"
"2097.0","7.0","282.56326603340113"
"2013.0","12.0","277.2439754644297"
"1957.0","3.0","275.7959019119871"
"2052.0","4.0","279.0354835061466"
"1961.0","4.0","277.208706552011"
"1977.0","8.0","278.0533773166417"
"1997.0","11.0","277.0147945827908"
"2100.0","2.0","279.6727582386562"
"1970.0","7.0","278.61463775375705"
"2005.0","7.0","279.2963745001371"
"2100.0","7.0","282.78654756853655"
"2071.0","4.0","279.7966020275298"
"1989.0","10.0","277.2679819762141"
"1962.0","12.0","276.02777433224475"
"1964.0","1.0","275.0609600108157"
"1961.0","3.0","275.72822778626585"
"1961.0","5.0","278.30389885577677"
"1994.0","2.0","275.45442369249133"
"1971.0","6.0","278.7538010446649"
"2003.0","4.0","278.0946112539254"
"2033.0","5.0","279.41375237390196"
"1962.0","6.0","278.72708593297887"
"1951.0","3.0","275.6022513170622"
"2060.0","6.0","281.0793488446404"
"2073.0","6.0","281.59399806835034"
"2053.0","11.0","279.44306124173676"
"1955.0","8.0","278.14067503261384"
"1966.0","6.0","278.61992910879627"
"1998.0","6.0","279.29344380696614"
"2087.0","7.0","282.23202646844396"
"1956.0","10.0","276.9342766604342"
"2002.0","9.0","278.21169200224034"
"1985.0","9.0","277.64075622558596"
"2095.0","12.0","280.54064687558025"
"2026.0","9.0","278.99474297239067"
"1956.0","8.0","278.0975862390855"
"2092.0","6.0","282.3141960625176"
"2012.0","4.0","277.5746063813709"
"2023.0","4.0","277.92040552507365"
"1972.0","3.0","275.8825823487572"
"2081.0","2.0","279.0308931564272"
"2038.0","1.0","277.5950208000812"
"2057.0","7.0","280.9865479828209"
"2086.0","9.0","281.15622840518046"
"1989.0","3.0","276.46140076494305"
"2091.0","4.0","280.58002583271747"
"1969.0","11.0","276.36511863425926"
"2039.0","2.0","277.02423979744077"
"2073.0","3.0","278.9401349850453"
"2071.0","11.0","280.1842042468843"
"2069.0","8.0","281.03111082859306"
"2089.0","11.0","280.86446620799876"
"2047.0","12.0","278.7198061894711"
"2068.0","10.0","280.1380832092004"
"1996.0","10.0","277.4415820268747"
"2024.0","6.0","279.8245968467311"
"1966.0","7.0","278.5534430062899"
"1952.0","11.0","276.4041894052543"
"1995.0","11.0","276.87378884774665"
"2070.0","10.0","280.22328465896817"
"1998.0","3.0","276.72620542245954"
"1980.0","5.0","278.5060038061186"
"2022.0","4.0","277.92068283348755"
"1951.0","5.0","278.1572984264743"
"1971.0","12.0","276.05587395504494"
"2092.0","7.0","282.40556187783517"
"2088.0","4.0","280.43571591331846"
"2021.0","10.0","278.54026504571294"
"1988.0","8.0","278.2413471373933"
"2087.0","11.0","280.60923554920015"
"2059.0","8.0","280.69819937936256"
"2015.0","5.0","278.7426031015985"
"1969.0","2.0","274.9305594913543"
"2013.0","6.0","279.5174656749907"
"2063.0","4.0","279.5464660644531"
"2054.0","3.0","278.0014828022857"
"1950.0","2.0","275.00051219523453"
"1992.0","12.0","275.96906704694544"
"2041.0","1.0","277.7408623339394"
"1996.0","11.0","276.78903695565685"
"2034.0","9.0","279.2206512726105"
"1994.0","7.0","278.87600817389813"
"1989.0","9.0","277.7814262838925"
"1966.0","1.0","275.3071477746451"
"2026.0","5.0","279.17657696087616"
"2063.0","1.0","278.87768343736496"
"2088.0","10.0","280.8285359606765"
"2041.0","10.0","279.1100439959407"
"2063.0","8.0","280.9197004608295"
"2012.0","5.0","278.6662949522519"
"1998.0","9.0","278.00267706976996"
"2010.0","8.0","279.21569264026647"
"2081.0","6.0","281.8679616292318"
"1950.0","4.0","277.065898102405"
"1983.0","9.0","277.50048703794124"
"2027.0","1.0","277.29931663940636"
"2019.0","5.0","278.8357433969524"
"2098.0","2.0","279.63166866783337"
"2085.0","10.0","280.7419606854839"
"2028.0","9.0","278.97747460080865"
"2100.0","5.0","281.8584945432601"
"2050.0","10.0","279.46838477350053"
"1987.0","12.0","276.22360256837686"
"2003.0","11.0","277.2411349427466"
"1989.0","7.0","278.9292878760785"
"2076.0","7.0","281.80004802993204"
"2093.0","6.0","282.2229451772329"
"1961.0","8.0","278.1498544891248"
"2086.0","3.0","279.51986964353216"
"2027.0","10.0","278.6790787028133"
"2017.0","7.0","279.7434649348808"
"1959.0","5.0","278.1576011701146"
"1963.0","12.0","275.6673243259444"
"1953.0","11.0","276.44406810087315"
"1979.0","7.0","278.741442116358"
"2066.0","10.0","280.1275972849762"
"2073.0","2.0","278.7486429668608"
"2060.0","4.0","279.3568625955021"
"2036.0","11.0","278.7727402581109"
"1957.0","11.0","276.48166545793123"
"2026.0","12.0","277.9378514702737"
"2075.0","4.0","279.94706132218647"
"1981.0","7.0","278.8068051355287"
"2032.0","8.0","279.719362949385"
"2018.0","12.0","277.5295846684188"
"2083.0","5.0","281.2635532502205"
"2038.0","10.0","279.01800466011076"
"2046.0","6.0","280.52499799455916"
"1974.0","6.0","278.78377150150766"
"2029.0","4.0","278.21316729021504"
"1967.0","8.0","277.9215828406768"
"2006.0","2.0","276.1342327195771"
"2066.0","5.0","280.62474511493735"
"2021.0","1.0","277.09166547987195"
"1990.0","12.0","276.5795404249622"
"2058.0","5.0","280.2003576552763"
"1964.0","12.0","275.8392529778156"
"2041.0","9.0","279.39195550827753"
"1974.0","5.0","278.2990755816267"
"1965.0","12.0","275.8416070972292"
"2070.0","4.0","279.72174665178574"
"2076.0","9.0","280.797663178315"
"2066.0","6.0","281.3330325753348"
"1954.0","2.0","275.00280107770647"
"2081.0","8.0","281.58567516057514"
"2098.0","11.0","281.0066267125747"
"2051.0","3.0","277.9383328892424"
"2083.0","1.0","279.554928523238"
"2068.0","8.0","280.99279883600053"
"1974.0","8.0","278.02682298229587"
"2099.0","9.0","281.5105810546875"
"2033.0","10.0","278.90460536974365"
"2044.0","9.0","279.57440790085565"
"2094.0","4.0","280.4494592454698"
"2082.0","7.0","282.00927460328745"
"2050.0","6.0","280.65641092371055"
"2038.0","2.0","277.09961491539366"
"1958.0","4.0","277.11797796511183"
"1984.0","5.0","278.4895180322791"
"2084.0","8.0","281.70968557612684"
"2035.0","9.0","279.2167534355645"
"1977.0","4.0","277.34640877706966"
"2076.0","8.0","281.371331983997"
"2020.0","1.0","277.0033454484837"
"2012.0","10.0","278.1773435531124"
"1969.0","8.0","277.89425495106684"
"1957.0","9.0","277.48135501637177"
"2081.0","12.0","280.15506997811036"
"1967.0","9.0","277.24508977819374"
"2088.0","7.0","282.15087890625"
"2019.0","11.0","278.0466617547898"
"2098.0","8.0","282.1998585767945"
"2062.0","5.0","280.48656990297377"
"2030.0","6.0","279.96348134633655"
"1987.0","4.0","277.6584291246202"
"2048.0","12.0","278.7294868715348"
"1990.0","10.0","277.5268948462702"
"2072.0","6.0","281.55133353097096"
"1992.0","2.0","275.3953037223274"
"1973.0","1.0","275.42129128007616"
"2015.0","8.0","279.2360557169409"
"2089.0","6.0","282.20136498345266"
"1972.0","10.0","276.82061005933986"
"2009.0","12.0","277.22705212514336"
"2016.0","7.0","279.7136218092958"
"2024.0","11.0","278.34956972891825"
"2014.0","3.0","276.3851326516147"
"2018.0","7.0","279.7000101537748"
"1959.0","8.0","278.0793712985131"
"2036.0","6.0","280.2183749728733"
"2032.0","12.0","278.08555576885146"
"2091.0","6.0","282.3315912195154"
"2009.0","2.0","276.26644579829"
"2061.0","3.0","278.39464761057206"
"2054.0","7.0","280.94428635762233"
"1958.0","1.0","275.47215737156444"
"2007.0","8.0","279.10918722548246"
"2038.0","6.0","280.2479435108326"
"1976.0","3.0","275.8981722198642"
"1976.0","8.0","278.0221618755969"
"1956.0","9.0","277.60205467074525"
"2092.0","5.0","281.6469122064353"
"2012.0","11.0","277.760725562686"
"1988.0","2.0","275.41708590679673"
"2092.0","2.0","279.489317482471"
"2092.0","9.0","281.34294186153926"
"2063.0","11.0","279.90391639346166"
"1964.0","7.0","278.3589634502233"
"1954.0","5.0","278.2037667956705"
"2056.0","10.0","279.6153058511654"
"1993.0","6.0","279.06109432644314"
"2004.0","3.0","276.96918338435427"
"2011.0","3.0","276.2870057839952"
"2058.0","6.0","280.9691368334221"
"2054.0","2.0","277.78148954977723"
"2047.0","5.0","279.87708602413056"
"1997.0","9.0","278.0611169885706"
"2060.0","10.0","279.87205580651647"
"2067.0","5.0","280.6747398552257"
"2080.0","5.0","281.22935987371096"
"1961.0","9.0","277.50785748517075"
"2043.0","5.0","279.82240097116215"
"2083.0","9.0","280.97627094410086"
"2077.0","8.0","281.4143712410432"
"2027.0","6.0","279.9489182321649"
"1983.0","1.0","275.56116236751654"
"2084.0","11.0","280.6058588227772"
"2086.0","6.0","282.10225280761716"
"1964.0","8.0","277.7839813232422"
"2016.0","12.0","277.4533503800493"
"1994.0","9.0","277.74812305591723"
"2076.0","5.0","281.05567417294435"
"2095.0","9.0","281.3083343223289"
"2012.0","6.0","279.519125453404"
"1995.0","8.0","278.31689857838404"
"2084.0","1.0","279.60897264612436"
"1960.0","1.0","275.53052709435906"
"2057.0","6.0","280.88942445697205"
"2002.0","4.0","278.027390423943"
"1960.0","6.0","278.84964350947627"
"2011.0","9.0","278.48217901320686"
"2000.0","9.0","278.18160351950024"
"2059.0","7.0","281.1597041244731"
"2042.0","5.0","279.73765489428826"
"1996.0","9.0","277.9303275214301"
"2021.0","6.0","279.7703308388039"
"2067.0","2.0","278.49160081513077"
"2073.0","11.0","280.27931586555815"
"2100.0","9.0","281.6101434071859"
"2093.0","4.0","280.5601451427013"
"2051.0","2.0","277.59525177970767"
"2082.0","6.0","281.96790367332665"
"1980.0","9.0","277.70413493807354"
"1965.0","11.0","276.13781376591436"
"1959.0","1.0","275.55852530260466"
"2062.0","9.0","280.2761707996187"
"2088.0","1.0","279.69008485293057"
"2037.0","10.0","279.01387609119485"
"1980.0","3.0","276.18895729639195"
"2024.0","2.0","276.63313600848244"
"1966.0","10.0","276.6050392068842"
"2069.0","11.0","280.0494445219494"
"1979.0","11.0","276.5953855161314"
"2029.0","10.0","278.7527281437735"
"2042.0","9.0","279.4175646972656"
"2044.0","3.0","277.7002411591842"
"2018.0","6.0","279.63753792898996"
"2047.0","11.0","279.20723737444195"
"2060.0","12.0","279.32750325708344"
"2041.0","7.0","280.4357468846756"
"1967.0","10.0","276.7404514982709"
"2097.0","1.0","280.045937843147"
"1970.0","11.0","276.2031016031901"
"2044.0","11.0","279.09423874627976"
"2097.0","12.0","280.65664903491324"
"2043.0","6.0","280.46242440359936"
"2021.0","8.0","279.44017449929294"
"1964.0","5.0","277.9092517702383"
"1985.0","12.0","276.1901459505908"
"2032.0","4.0","278.38321829901804"
"2059.0","12.0","279.29016017820595"
"2022.0","6.0","279.75641120776794"
"2061.0","8.0","280.8292261642245"
"2027.0","2.0","276.7339812257236"
"2086.0","7.0","282.2088676487795"
"1980.0","4.0","277.49351918054003"
"2079.0","8.0","281.55569122766764"
"2010.0","9.0","278.5648640223912"
"1997.0","4.0","277.9488742404514"
"1973.0","4.0","277.2873467160944"
"2047.0","6.0","280.6280704171317"
"2031.0","5.0","279.3304887450297"
"2054.0","4.0","279.0551331182923"
"2078.0","1.0","279.44924764458574"
"2037.0","1.0","277.59313294878996"
"1984.0","8.0","278.15532326100123"
"2074.0","4.0","279.9480688971442"
"2005.0","9.0","278.20567920161227"
"2069.0","3.0","278.7434855799521"
"1972.0","4.0","277.3203481038411"
"2054.0","11.0","279.4826663238834"
"1994.0","6.0","279.08654434769244"
"1993.0","11.0","276.6235526756004"
"1956.0","7.0","278.7003135029686"
"2079.0","4.0","280.18015777312957"
"2052.0","12.0","279.0086896921697"
"2056.0","5.0","280.1366216187836"
"2021.0","12.0","277.63105239053635"
"2067.0","11.0","280.01159615652904"
"2022.0","1.0","277.07319376869395"
"2091.0","3.0","279.7394644114487"
"1966.0","12.0","275.71949281316506"
"2053.0","3.0","278.0807750781528"
"2024.0","7.0","279.9136998123143"
"2040.0","8.0","279.94844284877985"
"2045.0","8.0","280.14789290889615"
"2062.0","8.0","280.87376846805694"
"2043.0","11.0","279.0161566452753"
"2063.0","3.0","278.62816719020014"
"1973.0","10.0","276.7686476909851"
"2083.0","4.0","280.24504759046766"
"2020.0","4.0","277.8308174981011"
"2022.0","3.0","276.6915810654645"
"2019.0","10.0","278.37630938692575"
"2077.0","12.0","280.0431471993431"
"2055.0","10.0","279.6578132875504"
"2015.0","10.0","278.28270210230954"
"2085.0","7.0","282.07601197414135"
"1979.0","12.0","276.16529611841406"
"2056.0","4.0","279.07253498115927"
"2074.0","3.0","279.02454294405925"
"2058.0","9.0","280.0911484227036"
"2051.0","8.0","280.3933614095052"
"2027.0","4.0","278.1643167328416"
"2076.0","12.0","279.9726841601477"
"1965.0","8.0","277.8466491699219"
"1978.0","7.0","278.68406249792747"
"1989.0","8.0","278.3164894639654"
"1952.0","10.0","276.8809558499244"
"2011.0","1.0","276.7898133449291"
"2058.0","7.0","281.13450886566966"
"2019.0","3.0","276.53743828980055"
"2006.0","9.0","278.4367526390439"
"2030.0","4.0","278.16755986943974"
"2015.0","2.0","276.23307538713726"
"2016.0","2.0","276.3374213157616"
"2024.0","10.0","278.58254758773313"
"2046.0","11.0","279.1532010614304"
"1994.0","12.0","276.2343360600078"
"2091.0","11.0","280.85818541930604"
"1963.0","8.0","277.8788534731848"
"2004.0","8.0","278.67231394353354"
"2025.0","9.0","278.90350280226323"
"2053.0","5.0","280.1233187536135"
"2072.0","7.0","281.63734454317574"
"1997.0","12.0","276.52039509434854"
"2064.0","11.0","279.87753708612354"
"1972.0","11.0","276.2945476331209"
"2050.0","5.0","279.94273135824443"
"2039.0","7.0","280.4033952391703"
"1982.0","10.0","276.888181843638"
"1953.0","1.0","275.57253397121826"
"1993.0","5.0","278.61297623829176"
"2009.0","6.0","279.4238398670015"
"1971.0","3.0","275.8258654039056"
"2099.0","4.0","280.7269971865699"
"1951.0","10.0","276.9474310684928"
"2090.0","12.0","280.43004262583656"
"1995.0","4.0","277.72286699083116"
"1980.0","1.0","275.69491427138837"
"2096.0","4.0","280.6633272588821"
"2089.0","7.0","282.30901927332724"
"2027.0","12.0","277.9351422450741"
"2092.0","1.0","279.9865579513643"
"2088.0","3.0","279.59346487862723"
"2006.0","12.0","277.19291109005974"
"2019.0","6.0","279.63471830822175"
"2033.0","3.0","277.2120726976527"
"2055.0","8.0","280.610087345306"
"1976.0","12.0","275.9889282330188"
"2100.0","11.0","281.1153933821053"
"2046.0","4.0","278.88860063825337"
"2100.0","8.0","282.30396363043013"
"1992.0","8.0","277.9995006582995"
"2072.0","2.0","278.68910248855065"
"2098.0","4.0","280.80155394311043"
"2012.0","9.0","278.54811221168154"
"1972.0","9.0","277.42338588781524"
"2056.0","2.0","277.8072160902193"
"2038.0","4.0","278.54237976074216"
"1991.0","6.0","279.12115065630746"
"1978.0","10.0","276.984078114223"
"1974.0","11.0","276.36190945809346"
"2081.0","7.0","281.9705118779629"
"2043.0","2.0","277.3722903816067"
"2025.0","8.0","279.52298748230083"
"2024.0","3.0","276.78782301483415"
"2027.0","11.0","278.39145288300097"
"1975.0","2.0","274.9895215142042"
"2053.0","1.0","278.418385312046"
"2034.0","11.0","278.68076103141715"
"2038.0","8.0","279.90292650995286"
"2093.0","8.0","281.8755017973177"
"1980.0","8.0","278.3038962462348"
"2065.0","2.0","278.2833167874083"
"1969.0","12.0","275.9015578833715"
"2050.0","8.0","280.27937374320084"
"2080.0","6.0","281.8748859852284"
"2022.0","8.0","279.4968882950943"
"1951.0","12.0","276.01999416749436"
"2053.0","4.0","279.1467176549575"
"1970.0","9.0","277.38017588832923"
"1973.0","12.0","275.99967979858604"
"1960.0","3.0","275.9597886608493"
"2001.0","12.0","276.78092415102066"
"2037.0","8.0","279.8647169981379"
"2012.0","8.0","279.17244617092996"
"2012.0","1.0","276.7283972392983"
"2008.0","4.0","277.50658548990884"
"2080.0","2.0","278.9692253973144"
"2017.0","8.0","279.35894302860385"
"2030.0","9.0","279.0665146286423"
"1972.0","5.0","278.30905596954915"
"2038.0","3.0","277.3726978643821"
"2062.0","4.0","279.45404950823104"
"2045.0","4.0","278.8361836170015"
"2048.0","4.0","278.9048721878617"
"2044.0","6.0","280.54251165480844"
"1975.0","8.0","278.01648078750065"
"2080.0","10.0","280.577386671497"
"2037.0","2.0","277.0563758668445"
"1969.0","9.0","277.32289824309174"
"2073.0","10.0","280.408446335878"
"2037.0","11.0","278.7571999726472"
"1997.0","7.0","279.0669119229881"
"2048.0","10.0","279.3487091611363"
"2008.0","1.0","276.704786000054"
"2020.0","5.0","278.9103089316466"
"2027.0","9.0","279.01718383253666"
"1997.0","3.0","276.74415265702004"
"1949.0","12.0","275.78499243725304"
"1950.0","9.0","277.5926624971278"
"2025.0","7.0","279.99314730114764"
"2059.0","6.0","281.0613714661261"
"2049.0","8.0","280.2612007988824"
"1991.0","1.0","275.88309763957244"
"2097.0","3.0","279.8685138192594"
"2070.0","3.0","278.6905757780998"
"2015.0","6.0","279.53741766066776"
"2090.0","2.0","279.4054877871559"
"1968.0","1.0","275.2977077251694"
"2091.0","12.0","280.43925668970854"
"2062.0","11.0","279.8436350504557"
"2072.0","9.0","280.6530080450149"
"1965.0","3.0","275.59444823999985"
"1982.0","3.0","276.2939233814089"
"1977.0","2.0","275.04917701204914"
"2017.0","10.0","278.3670313681326"
"1955.0","10.0","276.9510554217749"
"1979.0","5.0","278.39288116783223"
"2013.0","1.0","276.79332140381985"
"1995.0","7.0","278.91660410016243"
"2070.0","7.0","281.5416534283194"
"1958.0","3.0","275.66599709440226"
"2048.0","5.0","279.9328338458974"
"2057.0","4.0","279.15416016241517"
"1977.0","7.0","278.6264240672916"
"1963.0","1.0","275.40843709309894"
"1955.0","1.0","275.4899236979476"
"1979.0","2.0","275.224185095893"
"1993.0","7.0","278.810545398343"
"2027.0","5.0","279.1765746552187"
"2014.0","5.0","278.79497964744746"
"2075.0","9.0","280.73985493977864"
"2085.0","3.0","279.4905961419031"
"2051.0","6.0","280.7161325807925"
"1961.0","7.0","278.7108852154038"
"2054.0","6.0","280.8433110400884"
"2053.0","7.0","280.91294513391136"
"1973.0","8.0","277.9815738075658"
"2062.0","2.0","278.23356924251635"
"1953.0","9.0","277.47474730248547"
"2049.0","1.0","278.03169830212886"
"2061.0","12.0","279.35875283518146"
"1976.0","6.0","278.8698544686301"
"2064.0","3.0","278.52119731287803"
"1976.0","1.0","275.3965944766189"
"2063.0","9.0","280.29684320359"
"2075.0","3.0","279.05606637836644"
"1969.0","5.0","278.10572530548205"
"2081.0","11.0","280.54264779305674"
"2015.0","1.0","276.8597352761827"
"1981.0","9.0","277.68992970784507"
"2075.0","10.0","280.3989569373825"
"2021.0","9.0","278.81266171490705"
"1981.0","11.0","276.6960442437066"
"1991.0","5.0","278.72647337940657"
"1956.0","1.0","275.5320390560143"
"1987.0","2.0","275.4979595608181"
"2025.0","12.0","277.9221808493441"
"2052.0","2.0","277.70041193778326"
"2039.0","11.0","278.8423274570041"
"2085.0","4.0","280.326052507673"
"2050.0","2.0","277.5393595619807"
"1967.0","7.0","278.47857425375224"
"1989.0","6.0","279.1667294969746"
"2056.0","6.0","280.9026672363281"
"2014.0","9.0","278.60910226004466"
"2002.0","5.0","279.02121747648465"
"1978.0","8.0","278.0983204347776"
"1953.0","12.0","276.14079513405034"
"2022.0","10.0","278.5019051725067"
"1953.0","4.0","277.0497390447878"
"2035.0","4.0","278.4229877093891"
"2059.0","3.0","278.17396024851274"
"2082.0","9.0","281.01820596231"
"2078.0","3.0","279.2055172907755"
"2074.0","12.0","279.8690596882322"
"1984.0","12.0","276.1237327548338"
"1998.0","12.0","276.7383303625182"
"1990.0","9.0","277.9986413380456"
"2079.0","12.0","280.053171784751"
"1987.0","3.0","276.2479545019006"
"2028.0","8.0","279.6075027025414"
"2070.0","1.0","279.06128734113986"
"2003.0","12.0","276.66147643927155"
"2031.0","2.0","276.84268563891214"
"2047.0","3.0","277.7683152721774"
"1987.0","5.0","278.6312148118105"
"2004.0","5.0","279.0832121123399"
"2082.0","2.0","279.1198052660379"
"1996.0","3.0","276.50584170980693"
"2032.0","3.0","277.1739014656313"
"2032.0","2.0","276.8467613015595"
"1999.0","1.0","275.969723335731"
"1967.0","11.0","276.27230541087965"
"1987.0","8.0","278.2780230122228"
"1954.0","4.0","277.12110122979857"
"2031.0","11.0","278.50782905861183"
"2054.0","10.0","279.643199007066"
"1982.0","5.0","278.5081789843925"
"2013.0","2.0","276.2259088010204"
"2070.0","2.0","278.5130379501654"
"2007.0","11.0","277.6646541922433"
"1985.0","8.0","278.13468172900565"
"1994.0","8.0","278.26892953961556"
"2083.0","2.0","279.1217331659226"
"1974.0","9.0","277.3973551967688"
"2061.0","10.0","279.9444493166313"
"2054.0","8.0","280.51779419422616"
"2095.0","10.0","280.9855502002128"
"2023.0","8.0","279.4472188123823"
"1967.0","1.0","275.2373744185253"
"2028.0","10.0","278.7031745586816"
"2071.0","5.0","280.8167623634163"
"2020.0","11.0","278.1070626395089"
"2069.0","1.0","279.0182847827261"
"2012.0","3.0","276.31218950825354"
"2056.0","3.0","278.0908985305741"
"2095.0","8.0","281.92758405678586"
"2020.0","3.0","276.5146018407678"
"2099.0","5.0","281.82863243560087"
"1963.0","5.0","278.1038802498985"
"2082.0","8.0","281.5985469535422"
"2046.0","1.0","277.9974027431506"
"2099.0","10.0","281.12083934309294"
"1982.0","1.0","275.7171085043193"
"2020.0","7.0","279.8226321875225"
"2074.0","8.0","281.2679109182582"
"2077.0","3.0","279.2037472978507"
"2092.0","10.0","281.00388118674056"
"1965.0","2.0","274.835572378976"
"2045.0","2.0","277.4992717509367"
"2023.0","2.0","276.55477492253584"
"1957.0","2.0","275.09720560282216"
"1958.0","10.0","276.8647995429428"
"2055.0","4.0","279.183086233428"
"1992.0","11.0","276.5872675278608"
"1951.0","4.0","277.08689401663986"
"2032.0","9.0","279.1509144535771"
"2073.0","9.0","280.7092313978407"
"1960.0","12.0","276.0791295096011"
"1989.0","5.0","278.72249387563744"
"2007.0","3.0","276.210783843291"
"1964.0","3.0","275.4944135330911"
"1959.0","2.0","274.98446270598083"
"2091.0","8.0","281.95919347495334"
"1981.0","6.0","278.9674339577004"
"1962.0","8.0","278.03492512583307"
"2018.0","1.0","277.0160600090906"
"2090.0","5.0","281.5558830452649"
"1984.0","6.0","278.95553611472803"
"1987.0","7.0","278.86288763887137"
"1977.0","5.0","278.38702423665643"
"2045.0","11.0","279.11076177687875"
"2066.0","4.0","279.639132312593"
"1994.0","10.0","277.16985794122076"
"1991.0","7.0","278.9109260805192"
"2008.0","9.0","278.5071941266741"
"2018.0","11.0","277.9948821730841"
"2040.0","9.0","279.4571623908149"
"2100.0","6.0","282.5773190498352"
"2042.0","4.0","278.7453991117932"
"1965.0","10.0","276.5881659941861"
"1960.0","4.0","277.22185318558303"
"2049.0","9.0","279.67494320339625"
"2088.0","11.0","280.7011658877418"
"1964.0","4.0","276.907935418023"
"1985.0","3.0","276.17606794022316"
"2052.0","3.0","277.95925416892123"
"2065.0","8.0","280.9241122056812"
"2055.0","9.0","279.92674458821614"
"1982.0","8.0","278.17171207551036"
"2001.0","10.0","277.6835241444423"
"2065.0","1.0","278.8237656553769"
"2055.0","11.0","279.49915087150805"
"1968.0","5.0","278.13982142513373"
"2016.0","5.0","278.82227808517246"
"2015.0","7.0","279.68592248028875"
"2037.0","9.0","279.2696969208894"
"1971.0","7.0","278.61291555718776"
"2082.0","10.0","280.70706001155355"
"1972.0","1.0","275.40672237480436"
"1963.0","4.0","277.08991676613135"
"2009.0","5.0","278.6661306354857"
"2093.0","7.0","282.2823859350309"
"2023.0","1.0","277.1280338306783"
"1983.0","5.0","278.3600596766318"
"2072.0","12.0","279.8279743528586"
"2066.0","2.0","278.35473134566325"
"2053.0","12.0","278.9767037221064"
"2030.0","7.0","280.06244457880103"
"2064.0","9.0","280.2360886346726"
"2005.0","3.0","277.08902626109983"
"2088.0","8.0","281.77183264103905"
"2057.0","9.0","279.93825726749924"
"1984.0","10.0","277.0394807767697"
"2005.0","11.0","277.2899143218994"
"2093.0","2.0","279.40127472159486"
"2086.0","1.0","279.7029352566064"
"2092.0","3.0","279.780487805527"
"1983.0","10.0","276.82913005651113"
"1960.0","2.0","275.1626517927966"
"1986.0","5.0","278.5267401801215"
"1963.0","2.0","275.0537498110817"
"1972.0","7.0","278.6293825107438"
"1951.0","7.0","278.7537468289515"
"2062.0","3.0","278.52180324853293"
"2016.0","10.0","278.3145026844218"
"2089.0","8.0","281.89999116193434"
"1958.0","6.0","278.7879664402382"
"1997.0","8.0","278.5347419656733"
"2027.0","7.0","280.01337869381865"
"1971.0","4.0","277.2348088314659"
"1963.0","7.0","278.515141969086"
"2087.0","9.0","281.0783540562221"
"1994.0","5.0","278.6600051934574"
"1962.0","5.0","278.19805049554424"
"2047.0","2.0","277.4588503156389"
"1958.0","11.0","276.4235679476869"
"1984.0","11.0","276.54089705855756"
"1968.0","6.0","278.6342984234845"
"2081.0","10.0","280.70642911982515"
"1987.0","9.0","277.76867732295284"
"1950.0","1.0","275.460961589777"
"2052.0","11.0","279.44342082902494"
"1963.0","9.0","277.2525136876989"
"1978.0","2.0","275.0670760305304"
"2067.0","12.0","279.66908288067935"
"2064.0","12.0","279.4816166047127"
"2024.0","12.0","277.7921048020264"
"1951.0","2.0","275.0325571909672"
"2060.0","5.0","280.3691038822992"
"2013.0","3.0","276.39718566050726"
"2025.0","3.0","276.88997433829184"
"2019.0","8.0","279.388869437644"
"1966.0","11.0","276.1985053733543"
"2093.0","10.0","280.9366771694672"
"2043.0","7.0","280.52803558490245"
"1953.0","3.0","275.6396753068667"
"2094.0","5.0","281.47122077531714"
"2085.0","5.0","281.3314483783212"
"2077.0","6.0","281.7639064754452"
"2016.0","3.0","276.48910348074776"
"2068.0","3.0","278.68070268059654"
"2023.0","10.0","278.5602904289"
"1988.0","1.0","275.65915096507354"
"1983.0","11.0","276.4328870420103"
"2001.0","6.0","279.37853040508196"
"1976.0","4.0","277.31070310358416"
"1997.0","6.0","279.3262622974537"
"2006.0","4.0","277.40648792085193"
"1983.0","7.0","278.63558549778435"
"2069.0","10.0","280.13280181181597"
"1975.0","5.0","278.27219032067393"
"2042.0","11.0","279.00322701590403"
"1973.0","11.0","276.3698129754317"
"2028.0","3.0","277.0192333020662"
"1985.0","1.0","275.52820475041653"
"1959.0","4.0","277.09526247510723"
"2029.0","8.0","279.6389888640373"
"2026.0","4.0","278.09386727851734"
"2088.0","5.0","281.3981447000108"
"2014.0","6.0","279.55671250116256"
"1968.0","9.0","277.3538092154044"
"2016.0","8.0","279.3302507672991"
"2051.0","9.0","279.7481618245443"
"1962.0","4.0","277.11218889024525"
"2094.0","7.0","282.27896861961665"
"2041.0","4.0","278.71912498837423"
"2043.0","1.0","277.91351548999137"
"1959.0","6.0","278.74600375306375"
"2029.0","7.0","280.07674064070846"
"2037.0","12.0","278.2401824458953"
"2055.0","1.0","278.4263294626424"
"2040.0","3.0","277.3918538247385"
"2065.0","7.0","281.39221903014294"
"2029.0","9.0","279.0353105699694"
"2002.0","2.0","275.9339754761768"
"1951.0","6.0","278.6991114597694"
"1952.0","12.0","276.08057074935886"
"2052.0","9.0","279.8406171312519"
"1976.0","9.0","277.37837824235885"
"1969.0","7.0","278.5126194013917"
"1981.0","4.0","277.5821690877279"
"2099.0","3.0","279.9403713243898"
"2015.0","11.0","277.9509279378255"
"1974.0","12.0","276.02647044986537"
"2080.0","1.0","279.4253940731937"
"2092.0","4.0","280.6641216931042"
"2067.0","9.0","280.4188171677362"
"2050.0","11.0","279.3093618322302"
"1990.0","4.0","277.7360314747644"
"2064.0","5.0","280.5882177678121"
"2006.0","5.0","278.5475932178409"
"2045.0","6.0","280.5366648937407"
"2018.0","3.0","276.3764402609267"
"2073.0","12.0","279.84290205299493"
"1969.0","4.0","277.12529613353587"
"1989.0","12.0","276.33453877766925"
"2008.0","10.0","278.1867447391633"
"1950.0","8.0","278.1481062076576"
"2000.0","6.0","279.44164171975757"
"2089.0","9.0","281.243830786811"
"1988.0","9.0","277.7475803749234"
"1976.0","5.0","278.39617495059156"
"2005.0","10.0","277.8505192852563"
"1977.0","10.0","276.91143192621564"
"2075.0","11.0","280.291047269804"
"2100.0","1.0","280.1898297648276"
"2080.0","4.0","280.2060492163306"
"2086.0","2.0","279.24816122249683"
"2066.0","9.0","280.4108678908575"
"1993.0","9.0","277.7013329965097"
"2055.0","12.0","279.14438048182814"
"2063.0","2.0","278.4003658372529"
"2073.0","4.0","279.8923363579644"
"2000.0","12.0","276.7789963105336"
"1975.0","4.0","277.2523332562363"
"2077.0","11.0","280.4201385223114"
"2036.0","7.0","280.29058766792326"
"2025.0","2.0","276.7136760797716"
"2069.0","6.0","281.40337541852676"
"2065.0","9.0","280.3522515578497"
"1979.0","8.0","278.12772476032217"
"2076.0","6.0","281.6956034342448"
"1970.0","3.0","275.7483616879112"
"2031.0","4.0","278.26702635023327"
"2046.0","5.0","279.85428568053356"
"2061.0","7.0","281.2745354577693"
"2045.0","12.0","278.6409168999316"
"1993.0","4.0","277.59350410743997"
"1986.0","4.0","277.44468892415364"
"1972.0","12.0","275.99332877452184"
"1970.0","4.0","277.1626759847005"
"2023.0","9.0","278.8261739095052"
"2093.0","11.0","280.7306945687858"
"1975.0","12.0","276.00308787114346"
"2029.0","1.0","277.40111075470315"
"1996.0","7.0","279.0005849749384"
"2007.0","5.0","278.55228012717816"
"2008.0","5.0","278.61781301190774"
"2082.0","11.0","280.57621253761084"
"2004.0","2.0","276.07732987162063"
"1961.0","2.0","275.07250582982624"
"2063.0","10.0","280.0046353247858"
"2079.0","9.0","280.8487589243296"
"1996.0","1.0","275.888180476363"
"2016.0","11.0","277.8920977783203"
"1979.0","6.0","278.8513493290654"
"2092.0","12.0","280.54505990917204"
"1961.0","10.0","276.89574178059894"
"1986.0","12.0","276.20284284912987"
"2066.0","1.0","278.9846615839664"
"2093.0","3.0","279.6827403220698"
"1999.0","5.0","278.9660905954231"
"2068.0","12.0","279.6682889173657"
"2034.0","12.0","278.18556065713204"
"1999.0","9.0","278.175466410319"
"2065.0","3.0","278.51561428368916"
"2010.0","3.0","276.2044661092685"
"1998.0","8.0","278.4850355032097"
"2077.0","1.0","279.36819497917463"
"1986.0","9.0","277.6409843727394"
"2051.0","1.0","278.233517636535"
"1980.0","10.0","277.0921834778676"
"1971.0","11.0","276.34489210697643"
"2010.0","12.0","277.31449260726373"
"1957.0","7.0","278.70915126619576"
"2049.0","12.0","278.75907487766716"
"2073.0","7.0","281.7439707274078"
"2057.0","8.0","280.55769448079906"
"1960.0","5.0","278.3216557656565"
"2071.0","8.0","281.2106001190326"
"2058.0","11.0","279.5910163339942"
"2030.0","3.0","277.0472338143492"
"2000.0","2.0","275.85684740288895"
"2098.0","12.0","280.6212921567614"
"2011.0","7.0","279.5744812855523"
"1970.0","8.0","277.98116080991684"
"2063.0","7.0","281.3869444956977"
"1964.0","11.0","276.18091956244575"
"2040.0","10.0","279.11339448771594"
"1991.0","9.0","277.68647813983995"
"2064.0","7.0","281.31955979870213"
"1995.0","6.0","279.07954175030744"
"2071.0","7.0","281.6310297952819"
"2084.0","4.0","280.32090977260043"
"1958.0","2.0","274.9752042113232"
"2075.0","8.0","281.38901640169496"
"1954.0","11.0","276.36630428538604"
"1986.0","3.0","276.2428945452509"
"2052.0","5.0","279.99078835300975"
"2023.0","12.0","277.71221903103117"
"2096.0","6.0","282.4211437988281"
"2094.0","9.0","281.2784397549099"
"1960.0","11.0","276.4748793425383"
"1954.0","1.0","275.4382391971248"
"1982.0","7.0","278.815186257858"
"2037.0","3.0","277.3278581899554"
"2022.0","7.0","279.8910849916105"
"1968.0","10.0","276.6116752487784"
"1965.0","5.0","278.06587744271883"
"2024.0","5.0","279.054117743552"
"2098.0","5.0","281.88424798433425"
"2011.0","10.0","278.24059003838744"
"2064.0","8.0","280.83861069920977"
"2036.0","9.0","279.22350158691404"
"1963.0","3.0","275.70995005399095"
"2017.0","11.0","278.06148507254466"
"2087.0","5.0","281.4139071275562"
"2042.0","3.0","277.53049116705967"
"1982.0","9.0","277.58590647379555"
"2055.0","7.0","281.0188137736838"
"1975.0","11.0","276.51126457348204"
"2026.0","8.0","279.63940800147066"
"1954.0","6.0","278.78616895488665"
"1992.0","5.0","278.5404658453288"
"2089.0","3.0","279.5764896570568"
"2099.0","2.0","279.6075402396066"
"1981.0","12.0","276.3228298720493"
"1970.0","2.0","274.9850671524392"
"1996.0","4.0","277.8486478452329"
"1975.0","1.0","275.44755090477105"
"2093.0","12.0","280.40922021353117"
"2024.0","8.0","279.44196271653493"
"2078.0","4.0","280.1223412865991"
"2046.0","2.0","277.48956909179685"
"2034.0","6.0","280.21382185102584"
"1969.0","1.0","275.2647927670496"
"2050.0","7.0","280.7423825554523"
"2019.0","4.0","277.8144731212798"
"1991.0","11.0","276.6951167087929"
"1984.0","3.0","276.2110642190475"
"2058.0","4.0","279.19544221511995"
"2037.0","5.0","279.5608844278534"
"2077.0","10.0","280.55257393821176"
"2059.0","5.0","280.289487926375"
"2059.0","11.0","279.7230555370601"
"2058.0","8.0","280.70186122025444"
"2002.0","1.0","276.1539830130011"
"1992.0","3.0","276.32287302324846"
"2000.0","10.0","277.76263193344374"
"2023.0","5.0","278.98491620774587"
"2065.0","10.0","280.1166229107413"
"2010.0","6.0","279.45972408718535"
"2010.0","7.0","279.61011009392104"
"1978.0","5.0","278.41189621826584"
"2051.0","5.0","279.98694730915906"
"2092.0","11.0","280.90377076295044"
"2042.0","7.0","280.5127944032168"
"2045.0","9.0","279.56977498372396"
"2031.0","10.0","278.7995453701224"
"2063.0","5.0","280.5514875983313"
"2057.0","11.0","279.6082626496903"
"1962.0","2.0","275.01460211617604"
"2068.0","6.0","281.3907211739676"
"2067.0","10.0","280.12237765404484"
"2035.0","7.0","280.3526343933478"
"1989.0","1.0","275.7477738382242"
"1987.0","11.0","276.68459546124495"
"1954.0","12.0","276.02046125437323"
"2066.0","8.0","280.95648859964535"
"2047.0","4.0","278.87919921875"
"2058.0","10.0","279.7825167032281"
"2016.0","6.0","279.66217215401787"
"1961.0","6.0","278.85535114429615"
"2081.0","9.0","280.9816956941072"
"2067.0","6.0","281.3567390659877"
"2090.0","10.0","280.9438199279129"
"2053.0","9.0","279.8323624853994"
"2039.0","10.0","279.0723096239097"
"1950.0","6.0","278.80110874550013"
"2085.0","12.0","280.2422011696249"
"2027.0","3.0","276.932819800385"
"2000.0","1.0","276.0407475765949"
"1976.0","7.0","278.7235090841867"
"2014.0","4.0","277.6633159237816"
"1954.0","9.0","277.53204872280946"
"2076.0","3.0","279.08939141404034"
"2060.0","3.0","278.2824126212828"
"2069.0","4.0","279.7255939883278"
"2035.0","10.0","278.98970623731407"
"1969.0","10.0","276.7557474225225"
"1991.0","2.0","275.62288665771484"
"1957.0","8.0","278.11489862373253"
"1977.0","6.0","278.80442611962036"
"2048.0","1.0","278.07483473473553"
"2053.0","8.0","280.4321178457995"
"1967.0","2.0","275.0063561939058"
"2067.0","8.0","281.00089102890087"
"2070.0","8.0","281.10355230234734"
"1957.0","12.0","276.0183526460767"
"2059.0","10.0","279.84283763479044"
"1986.0","8.0","278.1839234273493"
"1957.0","5.0","278.26750944597217"
"1993.0","3.0","276.3941657500455"
"2039.0","9.0","279.35382331565575"
"2078.0","11.0","280.4874455082524"
"2087.0","1.0","279.65288825672343"
"2063.0","6.0","281.255202171689"
"1978.0","9.0","277.5527084618284"
"2003.0","7.0","279.20251957062754"
"2045.0","10.0","279.3052871915053"
"2010.0","2.0","276.1931037902832"
"2069.0","9.0","280.46754775274366"
"2002.0","8.0","278.6720149639209"
"2070.0","12.0","279.7240331131192"
"2054.0","12.0","279.0981757946145"
"2003.0","1.0","276.05721484189695"
"1989.0","4.0","277.81982565487135"
"1952.0","1.0","275.48390310674733"
"2087.0","2.0","279.2357828568439"
"2014.0","7.0","279.6402462445096"
"1952.0","9.0","277.4637326109643"
"1963.0","11.0","276.0823885882342"
"2096.0","11.0","280.96941057477676"
"2010.0","11.0","277.82216019403364"
"1998.0","5.0","278.94593570394755"
"1976.0","2.0","275.0361049534405"
"1988.0","12.0","276.3332989166086"
"1953.0","8.0","278.09823990592014"
"1968.0","8.0","277.9647197108115"
"2078.0","10.0","280.5753405304088"
"2055.0","3.0","278.0910160366741"
"2096.0","12.0","280.6080917428715"
"1984.0","1.0","275.39199670497663"
"2054.0","9.0","279.90938221324575"
"1955.0","9.0","277.5434109556909"
"2057.0","12.0","279.11782842880353"
"2091.0","10.0","281.0265046097241"
"2036.0","10.0","278.90692256257523"
"2097.0","6.0","282.3943309965588"
"2037.0","7.0","280.340582516031"
"2018.0","8.0","279.2968012515301"
"2025.0","1.0","277.2254416396136"
"2053.0","2.0","277.8342601231166"
"1953.0","2.0","275.00096912544313"
"2091.0","2.0","279.5431428121324"
"2090.0","3.0","279.7242503832745"
"1966.0","8.0","277.93841744152877"
"2098.0","6.0","282.51316217160695"
"2012.0","12.0","277.2070856472314"
"1963.0","6.0","278.634038232874"
"1952.0","4.0","277.0484963211359"
"1978.0","4.0","277.4001689174719"
"2029.0","12.0","277.93102718709133"
"2041.0","8.0","279.99486899661576"
"2067.0","7.0","281.4702313541817"
"2078.0","9.0","280.8297355583122"
"1960.0","9.0","277.53427169234664"
"2019.0","12.0","277.46022993607954"
"2016.0","1.0","276.88261178715436"
"2086.0","10.0","280.7906136648996"
"2081.0","3.0","279.3362546752823"
"2003.0","3.0","276.9194873903915"
"1952.0","7.0","278.64853055834544"
"1981.0","1.0","275.683360164738"
"2045.0","5.0","279.8591067828341"
"1959.0","10.0","276.9930323215318"
"1966.0","5.0","278.1315575056179"
"2077.0","7.0","281.8978616569805"
"1987.0","10.0","277.17591994637655"
"2017.0","2.0","276.34652495092274"
"2005.0","6.0","279.5153912712546"
"2037.0","4.0","278.5455322830765"
"2085.0","1.0","279.69044771677886"
"2033.0","7.0","280.23674864878853"
"2025.0","4.0","278.0967413919014"
"1969.0","6.0","278.7000922874168"
"2071.0","12.0","279.8342344503798"
"2031.0","9.0","279.0998202006022"
"2080.0","12.0","280.0818378744483"
"2079.0","1.0","279.4928864243764"
"2005.0","1.0","276.2417328633665"
"2093.0","9.0","281.2565352706222"
"2097.0","8.0","282.10999868366576"
"1996.0","2.0","275.4995258082832"
"2035.0","6.0","280.21512165241415"
"1995.0","9.0","277.8020701655635"
"2002.0","7.0","279.22884257423357"
"1996.0","12.0","276.56561273827776"
"2084.0","9.0","281.0478525506882"
"1985.0","7.0","278.7495258290281"
"2086.0","11.0","280.6175812639509"
"2077.0","2.0","278.9301897144686"
"2100.0","4.0","280.72770932515465"
"2100.0","10.0","281.2093926398985"
"1990.0","5.0","278.7569039106003"
"2028.0","7.0","280.0655290639259"
"1965.0","1.0","275.12119613155244"
"1998.0","7.0","279.10332218293223"
"2091.0","5.0","281.5768161231576"
"1950.0","11.0","276.43303970636106"
"2031.0","1.0","277.33236256807936"
"1962.0","10.0","276.8175583159197"
"1985.0","10.0","277.0130326465894"
"2097.0","9.0","281.49036033993673"
"2083.0","10.0","280.66426668884935"
"2057.0","2.0","277.88756161644346"
"2094.0","6.0","282.1270307470251"
"2091.0","1.0","279.8601846869551"
"2003.0","9.0","278.21790609920726"
"2074.0","9.0","280.6481348810969"
"2051.0","4.0","278.9879796346029"
"1985.0","2.0","275.1782591683524"
"2034.0","3.0","277.1895135748147"
"2099.0","6.0","282.4805202520461"
"2094.0","8.0","281.848749823895"
"2001.0","7.0","279.22327638803444"
"2047.0","9.0","279.6696392531622"
"2071.0","3.0","278.79007520543814"
"2033.0","6.0","280.15286126999627"
"1990.0","8.0","278.4966111424881"
"1992.0","1.0","275.5494416036009"
"1965.0","6.0","278.57722394024887"
"2090.0","1.0","279.84654522967594"
"2000.0","4.0","278.00772986033604"
"2050.0","1.0","278.133424191492"
"1956.0","12.0","276.04835356797395"
"1970.0","5.0","278.1780619856052"
"1969.0","3.0","275.78497232416623"
"1953.0","7.0","278.6043358934898"
"1990.0","2.0","275.5734743390764"
"1977.0","9.0","277.50460981402483"
"2079.0","11.0","280.4736776540945"
"2003.0","5.0","279.0570110632301"
"2016.0","4.0","277.747712344215"
"2062.0","7.0","281.34130026821714"
"2094.0","2.0","279.41203096177844"
"2011.0","4.0","277.6126565406436"
"1953.0","10.0","276.8778288694668"
"1988.0","4.0","277.65354404823455"
"1956.0","5.0","278.27109025234967"
"2060.0","2.0","278.0570580596614"
"2045.0","7.0","280.59145091535856"
"2036.0","4.0","278.42327527646665"
"2028.0","11.0","278.3480024638929"
"1971.0","5.0","278.195197268941"
"2013.0","8.0","279.16341729933214"
"2075.0","5.0","280.90825444880835"
"1991.0","3.0","276.589469431926"
"2046.0","7.0","280.5846005488101"
"2048.0","3.0","277.7730270440433"
"2055.0","6.0","280.8936011420356"
"2017.0","1.0","276.9201681813886"
"2088.0","6.0","282.0372830926804"
"2004.0","9.0","278.2621899773093"
"1954.0","3.0","275.58779878272503"
"2038.0","5.0","279.5583993234942"
"2095.0","4.0","280.55227776986584"
"2070.0","6.0","281.4324973260789"
"2087.0","6.0","282.1007486397879"
"2033.0","2.0","276.96703179807076"
