executorId,attempt,taskId,launchTime,executorDeserializeTime,executorRunTime,bytesRead,recordsRead,jvmGcTime,memoryBytesSpilled,resultSerializationTime,resultSize,bytesWritten,recordsWritten,writeTime
10,0,344,2015-12-28T14:27:11.296GMT,5,29931,51023492,16,28,0,0,2812,195,1,59474
9,0,345,2015-12-28T14:27:11.348GMT,5,165625,273934646,88,220,0,0,2807,415,3,54965
1,0,346,2015-12-28T14:27:11.359GMT,6,163275,274391469,87,157,0,0,2811,778,4,86243
12,0,347,2015-12-28T14:27:11.596GMT,7,162230,272265954,86,290,0,0,2808,780,4,88196
3,0,340,2015-12-28T14:27:10.835GMT,5,164250,273708402,88,108,0,0,2811,585,3,77764
8,0,341,2015-12-28T14:27:10.977GMT,7,162601,273842804,87,108,0,0,2807,778,4,80668
3,0,342,2015-12-28T14:27:11.054GMT,5,164398,274608533,87,108,0,0,2811,780,4,63100
11,0,343,2015-12-28T14:27:11.259GMT,6,162766,273389446,87,104,0,0,2812,780,4,78685
3,0,348,2015-12-28T14:27:11.634GMT,6,166975,274565061,88,108,0,0,2811,780,4,85619
12,0,349,2015-12-28T14:27:11.672GMT,6,32329,55413084,17,96,0,0,2808,195,1,51364
4,0,298,2015-12-28T14:25:21.804GMT,6,169811,272422033,87,258,0,1,2811,780,4,78504
13,0,299,2015-12-28T14:25:22.740GMT,6,31899,53134086,17,84,0,0,2808,195,1,101099
5,0,296,2015-12-28T14:25:19.832GMT,5,162795,271777012,86,144,0,0,2807,778,4,91669
5,0,297,2015-12-28T14:25:20.125GMT,6,164013,273137611,87,144,0,0,2807,780,4,95943
3,0,294,2015-12-28T14:25:19.481GMT,6,30246,50964719,16,52,0,0,2811,195,1,94148
7,0,295,2015-12-28T14:25:19.724GMT,6,165285,274051803,88,232,0,0,2811,585,3,76282
8,0,292,2015-12-28T14:25:19.143GMT,5,160941,271767323,86,106,0,0,2807,780,4,80963
9,0,293,2015-12-28T14:25:19.188GMT,6,165177,273306296,88,195,0,0,2807,780,4,74850
10,0,290,2015-12-28T14:25:16.748GMT,5,165612,273930107,88,177,0,0,2812,585,3,62628
13,0,291,2015-12-28T14:25:17.851GMT,8,163959,274101859,87,244,0,1,2808,778,4,82111
15,0,199,2015-12-28T14:24:27.544GMT,8,33227,54929219,17,75,0,0,2812,195,1,53217
11,0,198,2015-12-28T14:24:27.535GMT,5,163719,274188064,87,201,0,0,2812,780,4,62040
14,0,195,2015-12-28T14:24:27.453GMT,5,167602,271883027,87,211,0,0,2812,585,3,85628
1,0,194,2015-12-28T14:24:27.424GMT,7,31877,52833578,17,40,0,0,2811,195,1,93080
4,0,197,2015-12-28T14:24:27.533GMT,8,170479,274590218,87,166,0,0,2811,780,4,64247
8,0,196,2015-12-28T14:24:27.461GMT,7,163502,273202086,87,145,0,0,2807,778,4,89472
1,0,191,2015-12-28T14:24:27.366GMT,5,162945,274259627,87,205,0,0,2811,778,4,75919
3,0,190,2015-12-28T14:24:27.310GMT,17,164303,273968617,88,170,0,0,2811,585,3,67346
4,0,193,2015-12-28T14:24:27.410GMT,6,169839,272006780,87,166,0,0,2811,780,4,81742
3,0,192,2015-12-28T14:24:27.394GMT,5,162735,272066399,86,170,0,0,2811,780,4,85004
0,0,270,2015-12-28T14:25:00.630GMT,7,163929,274328555,88,265,0,0,2811,585,3,66646
8,0,271,2015-12-28T14:25:00.677GMT,6,160474,272004081,86,141,0,1,2807,778,4,83688
15,0,272,2015-12-28T14:25:00.784GMT,6,165096,272973091,87,141,0,0,2812,780,4,82673
9,0,273,2015-12-28T14:25:00.988GMT,6,163911,271897471,87,198,0,0,2807,780,4,82556
8,0,274,2015-12-28T14:25:01.983GMT,6,31411,52596381,17,54,0,0,2807,195,1,58294
7,0,275,2015-12-28T14:25:02.556GMT,7,171186,273937312,88,242,0,0,2811,585,3,71848
10,0,276,2015-12-28T14:25:02.992GMT,6,170170,274169867,87,178,0,0,2812,778,4,79858
15,0,277,2015-12-28T14:25:03.167GMT,6,166518,271786085,86,141,0,0,2812,780,4,79952
5,0,278,2015-12-28T14:25:03.608GMT,6,165900,273527042,88,171,0,0,2807,780,4,67503
14,0,279,2015-12-28T14:25:04.507GMT,5,31487,51124215,16,77,0,0,2812,195,1,60030
2,0,524,2015-12-28T14:30:09.923GMT,6,32613,53992220,17,26,0,0,2807,195,1,102734
9,0,525,2015-12-28T14:30:10.015GMT,5,118905,273970949,88,66,0,0,2807,585,3,51961
2,0,526,2015-12-28T14:30:11.024GMT,4,102639,274391211,87,53,0,0,2807,778,4,107411
7,0,527,2015-12-28T14:30:11.035GMT,4,103325,271924345,86,109,0,0,2811,780,4,60844
4,0,520,2015-12-28T14:30:05.472GMT,5,117314,274591859,88,126,0,0,2811,585,3,61331
7,0,521,2015-12-28T14:30:05.519GMT,4,99031,272709124,86,115,0,0,2811,778,4,99943
10,0,522,2015-12-28T14:30:07.195GMT,6,108703,274108086,87,94,0,0,2812,780,4,58979
8,0,523,2015-12-28T14:30:08.835GMT,4,112873,273170261,87,118,0,0,2807,780,4,61991
4,0,528,2015-12-28T14:30:11.510GMT,5,132098,273378097,88,130,0,0,2811,780,4,66858
4,0,529,2015-12-28T14:30:11.810GMT,5,32799,53955939,17,85,0,0,2811,195,1,102822
12,0,449,2015-12-28T14:28:13.860GMT,4,31793,52432337,17,126,0,0,2808,195,1,100415
2,0,448,2015-12-28T14:28:13.583GMT,6,159761,271761571,87,92,0,1,2807,780,4,63665
6,0,443,2015-12-28T14:28:05.217GMT,6,165723,271567472,87,261,0,0,2811,792,4,67534
7,0,442,2015-12-28T14:28:05.018GMT,4,161228,272975859,87,148,0,0,2811,792,4,66546
9,0,441,2015-12-28T14:28:04.371GMT,5,161012,271948764,86,194,0,0,2807,790,4,106353
5,0,440,2015-12-28T14:28:04.146GMT,6,156822,274523130,88,182,0,0,2807,594,3,60827
14,0,447,2015-12-28T14:28:13.000GMT,5,157274,273800564,87,151,0,0,2812,780,4,78556
15,0,446,2015-12-28T14:28:12.295GMT,22,174119,273364896,87,161,0,0,2812,778,4,63395
4,0,445,2015-12-28T14:28:11.624GMT,5,166389,273468898,88,160,0,0,2811,585,3,73118
6,0,444,2015-12-28T14:28:05.362GMT,5,34634,52307701,17,171,0,0,2811,198,1,57303
1,0,108,2015-12-28T14:22:03.705GMT,1109,142503,272182726,87,281,0,0,2811,780,4,75859
13,0,109,2015-12-28T14:22:03.706GMT,1853,31040,55920925,18,110,0,1,2808,195,1,53887
6,0,102,2015-12-28T14:22:03.701GMT,10682,143109,272241694,86,297,0,0,2811,780,4,84169
10,0,103,2015-12-28T14:22:03.702GMT,1214,142865,271962651,87,208,0,0,2812,780,4,84180
2,0,100,2015-12-28T14:22:03.700GMT,788,153951,274147615,88,535,0,0,2807,585,3,69789
8,0,101,2015-12-28T14:22:03.701GMT,1841,142798,274622239,87,220,0,0,2807,778,4,68399
0,0,106,2015-12-28T14:22:03.704GMT,1275,143166,271863642,87,296,0,0,2811,778,4,83287
3,0,107,2015-12-28T14:22:03.705GMT,1568,141600,272647787,87,209,0,0,2811,780,4,82582
7,0,104,2015-12-28T14:22:03.703GMT,1508,28140,52746530,17,117,0,0,2811,195,1,61884
14,0,105,2015-12-28T14:22:03.703GMT,1753,141948,271668356,87,215,0,0,2812,585,3,74218
10,0,39,2015-12-28T14:22:03.658GMT,1213,27278,50881586,16,107,0,1,2812,195,1,617030
6,0,38,2015-12-28T14:22:03.657GMT,10685,143160,273239022,87,297,0,0,2811,780,4,59727
15,0,33,2015-12-28T14:22:03.654GMT,1250,150214,273586052,87,602,0,0,2812,780,4,85954
12,0,32,2015-12-28T14:22:03.654GMT,1861,141513,274006407,87,260,0,0,2808,780,4,71304
4,0,31,2015-12-28T14:22:03.653GMT,1061,142721,273639266,87,360,0,0,2811,778,4,79238
9,0,30,2015-12-28T14:22:03.652GMT,1877,143056,273545910,88,215,0,0,2807,585,3,88553
8,0,37,2015-12-28T14:22:03.656GMT,1844,141877,274334732,87,220,0,1,2807,780,4,80696
2,0,36,2015-12-28T14:22:03.656GMT,791,153066,274112216,87,535,0,0,2807,778,4,75444
5,0,35,2015-12-28T14:22:03.655GMT,1816,144666,274129488,88,389,0,0,2807,585,3,69981
11,0,34,2015-12-28T14:22:03.655GMT,1787,27028,51212614,16,95,0,1,2812,195,1,600356
10,0,438,2015-12-28T14:28:02.375GMT,5,163373,272372616,87,213,0,0,2812,780,4,65211
5,0,439,2015-12-28T14:28:02.634GMT,5,31863,53090421,17,26,0,0,2807,195,1,60845
12,0,436,2015-12-28T14:28:00.221GMT,5,158803,272098578,86,219,0,0,2808,778,4,84076
13,0,437,2015-12-28T14:28:01.824GMT,4,159543,273395870,87,172,0,0,2808,780,4,66320
15,0,434,2015-12-28T14:27:59.994GMT,5,30227,51115368,16,81,0,0,2812,195,1,53291
8,0,435,2015-12-28T14:28:00.091GMT,5,161415,274280849,88,160,0,0,2807,585,3,66898
14,0,432,2015-12-28T14:27:59.092GMT,5,160115,271789776,86,158,0,0,2812,780,4,83335
2,0,433,2015-12-28T14:27:59.571GMT,4,167278,273529560,88,107,0,0,2807,780,4,87584
11,0,430,2015-12-28T14:27:56.792GMT,4,163620,273619694,88,207,0,0,2812,585,3,72475
2,0,431,2015-12-28T14:27:57.374GMT,4,168108,273880297,87,101,0,0,2807,778,4,62641
11,0,339,2015-12-28T14:27:10.801GMT,4,29583,51350500,16,26,0,0,2812,197,1,62766
3,0,338,2015-12-28T14:27:10.754GMT,6,166602,273690875,88,108,0,0,2811,788,4,104963
0,0,335,2015-12-28T14:27:10.627GMT,6,164604,273652012,88,227,0,0,2811,591,3,65263
1,0,334,2015-12-28T14:27:10.323GMT,6,30100,52174330,16,68,0,0,2811,195,1,56526
14,0,337,2015-12-28T14:27:10.673GMT,5,159933,271832023,86,110,0,0,2812,788,4,89764
13,0,336,2015-12-28T14:27:10.663GMT,5,164319,274165309,87,253,0,0,2808,784,4,79104
11,0,331,2015-12-28T14:27:10.017GMT,9,160862,271658851,86,104,0,0,2812,778,4,68236
14,0,330,2015-12-28T14:27:09.836GMT,18,164896,274286659,88,116,0,0,2812,585,3,74678
3,0,333,2015-12-28T14:27:10.140GMT,6,165098,274463001,88,108,0,0,2811,780,4,86590
11,0,332,2015-12-28T14:27:10.114GMT,6,163566,272645407,87,104,0,0,2812,780,4,80623
12,0,0,2015-12-28T14:22:03.622GMT,1862,141283,271777047,87,260,0,0,2808,591,3,73589
6,0,6,2015-12-28T14:22:03.638GMT,10686,142564,273692624,87,297,0,0,2811,778,4,73784
5,0,99,2015-12-28T14:22:03.699GMT,1813,28578,53172914,17,107,0,0,2807,195,1,57494
11,0,98,2015-12-28T14:22:03.698GMT,1784,142063,272445934,87,276,0,0,2812,780,4,73560
3,0,91,2015-12-28T14:22:03.693GMT,1569,141986,272602816,87,209,0,0,2811,778,4,73957
0,0,90,2015-12-28T14:22:03.693GMT,1275,140967,271598685,87,296,0,0,2811,585,3,65500
13,0,93,2015-12-28T14:22:03.695GMT,1854,142463,274500622,87,242,0,0,2808,780,4,59259
1,0,92,2015-12-28T14:22:03.694GMT,1109,142249,274374620,87,281,0,0,2811,780,4,79858
4,0,95,2015-12-28T14:22:03.696GMT,1059,143224,274236371,88,360,0,0,2811,585,3,49823
9,0,94,2015-12-28T14:22:03.695GMT,1875,28842,55226042,17,113,0,0,2807,195,1,54827
15,0,97,2015-12-28T14:22:03.698GMT,1248,151088,272643807,87,602,0,0,2812,780,4,82416
12,0,96,2015-12-28T14:22:03.697GMT,1861,140873,271740326,86,249,0,0,2808,778,4,89271
13,0,238,2015-12-28T14:24:29.104GMT,6,170754,272226261,87,226,0,0,2808,780,4,90158
9,0,239,2015-12-28T14:24:29.200GMT,6,31779,52956245,17,54,0,0,2807,195,1,59703
10,0,234,2015-12-28T14:24:28.869GMT,5,34113,51640951,16,39,0,0,2812,195,1,99786
7,0,235,2015-12-28T14:24:28.907GMT,7,168545,274405435,88,223,0,0,2811,585,3,65349
1,0,236,2015-12-28T14:24:28.953GMT,7,162393,271808351,86,205,0,0,2811,778,4,77324
10,0,237,2015-12-28T14:24:29.098GMT,5,164122,273008140,87,181,0,1,2812,780,4,58096
9,0,230,2015-12-28T14:24:28.681GMT,6,164812,273961506,88,184,0,0,2807,585,3,73618
4,0,231,2015-12-28T14:24:28.740GMT,7,172805,274085877,87,166,0,0,2811,778,4,80211
13,0,232,2015-12-28T14:24:28.844GMT,6,167173,271847654,86,215,0,0,2808,780,4,61934
5,0,233,2015-12-28T14:24:28.869GMT,6,168025,273952280,88,267,0,0,2807,780,4,87529
15,0,1,2015-12-28T14:22:03.635GMT,1250,145292,272600560,87,596,0,0,2812,784,4,108895
9,0,146,2015-12-28T14:22:34.471GMT,8,164706,272526584,87,180,0,0,2807,778,4,80853
2,0,147,2015-12-28T14:22:35.319GMT,7,169878,273771788,87,379,0,0,2807,780,4,80534
9,0,144,2015-12-28T14:22:34.260GMT,7,32135,53864442,17,60,0,0,2807,195,1,60241
15,0,145,2015-12-28T14:22:34.400GMT,9,160079,271548802,87,540,0,0,2812,585,3,213475
5,0,142,2015-12-28T14:22:34.137GMT,6,165958,273341209,87,458,0,0,2807,780,4,94022
5,0,143,2015-12-28T14:22:34.140GMT,6,165656,272981977,87,458,0,0,2807,780,4,100757
13,0,140,2015-12-28T14:22:33.990GMT,6,163850,271803294,87,214,0,0,2808,585,3,71459
10,0,141,2015-12-28T14:22:34.073GMT,6,162661,272140051,87,149,0,0,2812,778,4,80451
8,0,148,2015-12-28T14:22:35.643GMT,7,163491,273133766,87,184,0,0,2807,780,4,87285
14,0,149,2015-12-28T14:22:36.509GMT,9,34347,56928673,18,59,0,0,2812,195,1,55780
14,0,133,2015-12-28T14:22:32.348GMT,6,162816,273559694,87,203,0,0,2812,788,4,82556
12,0,132,2015-12-28T14:22:32.346GMT,6,163795,273248571,87,309,0,0,2808,788,4,86756
10,0,131,2015-12-28T14:22:32.242GMT,7,162895,272132780,86,149,0,0,2812,786,4,86328
3,0,130,2015-12-28T14:22:32.159GMT,5,167311,274569433,88,191,0,0,2811,591,3,64392
4,0,137,2015-12-28T14:22:33.261GMT,7,168533,271767808,86,257,0,0,2811,780,4,85851
3,0,499,2015-12-28T14:29:55.461GMT,3,31117,50510797,16,89,0,0,2811,196,1,102476
11,0,135,2015-12-28T14:22:32.557GMT,7,162950,272149914,87,271,0,0,2812,585,3,68832
7,0,134,2015-12-28T14:22:32.353GMT,7,32871,54350542,17,65,0,0,2811,197,1,57694
14,0,494,2015-12-28T14:29:54.761GMT,5,31793,52783355,17,76,0,0,2812,195,1,51189
13,0,495,2015-12-28T14:29:54.994GMT,4,101661,273781056,88,44,0,0,2808,588,3,50506
3,0,496,2015-12-28T14:29:55.095GMT,5,109710,274076452,87,129,0,0,2811,782,4,68233
0,0,497,2015-12-28T14:29:55.236GMT,26,103355,274534663,87,112,0,0,2811,784,4,62695
11,0,490,2015-12-28T14:29:53.684GMT,4,138010,273972272,88,229,0,0,2812,585,3,74124
12,0,491,2015-12-28T14:29:53.831GMT,4,117446,272045588,86,76,0,0,2808,778,4,81814
11,0,492,2015-12-28T14:29:54.030GMT,5,135253,273109771,87,223,0,0,2812,780,4,65680
1,0,493,2015-12-28T14:29:54.645GMT,4,123284,272044479,87,144,0,0,2811,780,4,67152
7,0,24,2015-12-28T14:22:03.649GMT,1512,27090,52158114,16,99,0,0,2811,195,1,615830
14,0,25,2015-12-28T14:22:03.650GMT,1756,142303,274013779,88,241,0,0,2812,588,3,68256
0,0,26,2015-12-28T14:22:03.650GMT,1278,142030,274224345,87,296,0,0,2811,782,4,62825
3,0,27,2015-12-28T14:22:03.651GMT,1571,148543,274440380,87,214,0,0,2811,784,4,78130
2,0,20,2015-12-28T14:22:03.647GMT,791,153452,274511647,88,535,0,0,2807,585,3,67463
8,0,21,2015-12-28T14:22:03.647GMT,1844,141191,271624934,86,216,0,0,2807,778,4,86801
6,0,22,2015-12-28T14:22:03.648GMT,10686,145447,271935509,87,297,0,0,2811,780,4,78157
10,0,23,2015-12-28T14:22:03.648GMT,1218,144134,274444806,88,208,0,0,2812,780,4,57134
1,0,28,2015-12-28T14:22:03.651GMT,1112,142561,273821698,87,281,0,0,2811,784,4,83865
13,0,29,2015-12-28T14:22:03.652GMT,1857,28375,54442116,17,110,0,0,2808,196,1,599521
8,0,407,2015-12-28T14:27:41.158GMT,5,164162,274453120,87,165,0,0,2807,780,4,87665
12,0,406,2015-12-28T14:27:41.068GMT,6,163750,274013347,87,233,0,0,2808,778,4,77515
1,0,405,2015-12-28T14:27:40.973GMT,4,163855,273614545,88,177,0,0,2811,585,3,75331
14,0,404,2015-12-28T14:27:40.596GMT,5,32393,52400551,17,25,0,1,2812,195,1,103012
1,0,403,2015-12-28T14:27:40.434GMT,5,163615,271836904,87,183,0,1,2811,780,4,106962
11,0,402,2015-12-28T14:27:40.392GMT,5,161994,273107415,87,147,0,0,2812,780,4,67647
1,0,401,2015-12-28T14:27:38.034GMT,5,165745,272087556,86,183,0,0,2811,778,4,85861
15,0,400,2015-12-28T14:27:37.711GMT,6,179973,274266414,88,174,0,0,2812,585,3,62129
13,0,409,2015-12-28T14:27:42.799GMT,5,31818,53346540,17,24,0,0,2808,195,1,56928
10,0,408,2015-12-28T14:27:41.240GMT,5,164745,272763316,87,217,0,0,2812,780,4,78463
7,0,379,2015-12-28T14:27:17.586GMT,5,32257,51073401,16,99,0,0,2811,195,1,60465
7,0,378,2015-12-28T14:27:17.462GMT,9,174606,273493272,88,181,0,1,2811,780,4,84408
13,0,371,2015-12-28T14:27:16.028GMT,4,167781,274018945,87,258,0,0,2808,778,4,75092
5,0,370,2015-12-28T14:27:15.522GMT,6,163327,273762471,88,221,0,0,2807,585,3,79324
7,0,373,2015-12-28T14:27:16.659GMT,6,168852,273289210,88,175,0,0,2811,780,4,77028
3,0,372,2015-12-28T14:27:16.503GMT,16,161896,271705141,86,102,0,0,2811,780,4,88380
10,0,375,2015-12-28T14:27:17.241GMT,5,169944,274265656,88,196,0,0,2812,585,3,76513
5,0,374,2015-12-28T14:27:16.901GMT,5,30915,50911050,16,30,0,0,2807,195,1,65107
4,0,377,2015-12-28T14:27:17.449GMT,5,174982,272255818,87,192,0,0,2811,780,4,73388
4,0,376,2015-12-28T14:27:17.263GMT,5,174239,271557110,86,192,0,0,2811,778,4,81926
15,0,393,2015-12-28T14:27:28.749GMT,6,175632,272500848,87,173,0,0,2812,780,4,78761
6,0,392,2015-12-28T14:27:28.114GMT,6,174098,273260259,87,312,0,0,2811,780,4,85098
2,0,391,2015-12-28T14:27:25.575GMT,5,165446,272043460,86,113,0,0,2807,778,4,89256
14,0,89,2015-12-28T14:22:03.692GMT,1753,31003,57181134,18,112,0,0,2812,195,1,51060
6,0,397,2015-12-28T14:27:33.353GMT,6,173003,274231718,87,312,0,0,2811,780,4,76915
6,0,396,2015-12-28T14:27:32.309GMT,5,173133,272740359,86,312,0,0,2811,778,4,88544
6,0,395,2015-12-28T14:27:31.843GMT,4,176260,274544841,88,312,0,0,2811,585,3,75138
6,0,394,2015-12-28T14:27:31.763GMT,7,33589,53423424,17,74,0,0,2811,195,1,59799
11,0,82,2015-12-28T14:22:03.687GMT,1784,142004,272467344,87,265,0,0,2812,780,4,78451
5,0,83,2015-12-28T14:22:03.687GMT,1814,144338,272106978,87,389,0,0,2807,780,4,88463
15,0,399,2015-12-28T14:27:36.349GMT,6,35921,54391584,17,34,0,0,2812,195,1,43184
15,0,81,2015-12-28T14:22:03.686GMT,1247,142559,271785791,86,596,0,0,2812,778,4,82584
6,0,86,2015-12-28T14:22:03.690GMT,10683,142385,271946041,86,297,0,0,2811,778,4,64299
10,0,87,2015-12-28T14:22:03.690GMT,1210,142276,273170292,87,208,0,0,2812,780,4,78893
2,0,84,2015-12-28T14:22:03.688GMT,790,30784,52823458,17,262,0,0,2807,195,1,609997
8,0,85,2015-12-28T14:22:03.689GMT,1842,142322,274391963,88,220,0,0,2807,585,3,53609
10,0,7,2015-12-28T14:22:03.639GMT,1214,142952,273909876,87,208,0,0,2812,780,4,85289
15,0,245,2015-12-28T14:24:30.278GMT,5,178460,273613326,88,202,0,0,2812,585,3,63557
5,0,244,2015-12-28T14:24:30.220GMT,7,33376,52201615,16,131,0,0,2807,195,1,115604
2,0,247,2015-12-28T14:24:35.185GMT,7,165950,271649512,86,249,0,0,2807,780,4,86927
3,0,246,2015-12-28T14:24:33.863GMT,7,162628,273897091,87,171,0,0,2811,778,4,79477
7,0,241,2015-12-28T14:24:29.634GMT,8,167939,271671549,86,206,0,0,2811,778,4,68507
12,0,240,2015-12-28T14:24:29.386GMT,6,163720,274427239,88,211,0,1,2808,585,3,74638
15,0,243,2015-12-28T14:24:29.947GMT,13,186381,274523227,88,208,0,0,2812,780,4,74707
5,0,242,2015-12-28T14:24:29.892GMT,6,164705,272505660,87,267,0,1,2807,780,4,100529
15,0,249,2015-12-28T14:24:36.075GMT,6,37591,54283640,17,76,0,0,2812,195,1,49269
15,0,248,2015-12-28T14:24:35.200GMT,5,182500,273665375,88,202,0,0,2812,780,4,83632
0,0,519,2015-12-28T14:30:05.210GMT,5,29610,51789974,16,29,0,0,2811,195,1,99881
0,0,518,2015-12-28T14:30:04.400GMT,5,107012,274055080,88,106,0,0,2811,780,4,62086
10,0,511,2015-12-28T14:29:59.494GMT,5,114229,274247907,87,100,0,0,2812,782,4,61450
5,0,510,2015-12-28T14:29:58.856GMT,6,97517,273961978,88,44,0,0,2807,588,3,46659
0,0,513,2015-12-28T14:30:01.631GMT,5,106266,273593457,88,106,0,0,2811,786,4,65571
10,0,512,2015-12-28T14:30:01.397GMT,5,109755,271935737,86,90,0,0,2812,786,4,58161
14,0,515,2015-12-28T14:30:02.823GMT,5,106226,273842166,88,105,0,0,2812,585,3,50822
7,0,514,2015-12-28T14:30:01.965GMT,5,30869,51278234,16,77,0,0,2811,196,1,40961
9,0,517,2015-12-28T14:30:03.919GMT,5,123205,272121033,86,100,0,0,2807,780,4,61931
13,0,516,2015-12-28T14:30:03.817GMT,5,99339,274182034,87,43,0,0,2808,778,4,65989
1,0,458,2015-12-28T14:28:28.448GMT,6,160203,273050054,87,171,0,0,2811,780,4,78430
10,0,459,2015-12-28T14:28:29.131GMT,5,30549,50577185,16,57,0,0,2812,195,1,60331
13,0,450,2015-12-28T14:28:14.627GMT,5,154663,273469521,88,163,0,0,2808,591,3,58126
15,0,451,2015-12-28T14:28:15.815GMT,7,162798,273773116,87,97,0,0,2812,786,4,184264
0,0,452,2015-12-28T14:28:16.259GMT,5,155565,274558006,87,219,0,0,2811,788,4,83960
2,0,453,2015-12-28T14:28:17.034GMT,6,159666,272793811,87,96,0,0,2807,788,4,84817
8,0,454,2015-12-28T14:28:21.414GMT,5,30936,50392708,16,16,0,0,2807,197,1,98301
15,0,455,2015-12-28T14:28:21.453GMT,4,171106,273745558,88,104,0,0,2812,585,3,59524
15,0,456,2015-12-28T14:28:21.927GMT,5,162563,273939442,87,104,0,0,2812,778,4,61598
14,0,457,2015-12-28T14:28:25.336GMT,5,156561,274594067,87,149,0,0,2812,780,4,59944
0,0,179,2015-12-28T14:24:26.973GMT,4,31032,51121100,16,102,0,0,2811,195,1,56861
14,0,178,2015-12-28T14:24:26.964GMT,6,162861,273476405,87,202,0,0,2812,780,4,89371
13,0,177,2015-12-28T14:24:26.961GMT,7,162724,274315821,87,215,0,0,2808,780,4,89091
0,0,176,2015-12-28T14:24:26.945GMT,6,167118,274042636,87,293,0,1,2811,778,4,82309
3,0,175,2015-12-28T14:24:26.920GMT,7,165806,273855814,88,176,0,1,2811,585,3,68692
12,0,174,2015-12-28T14:24:26.874GMT,17,32118,54755446,17,95,0,0,2808,195,1,62023
14,0,173,2015-12-28T14:24:26.831GMT,5,161334,273992554,87,202,0,0,2812,780,4,86573
0,0,172,2015-12-28T14:24:26.783GMT,5,168083,274089731,87,293,0,0,2811,780,4,80717
8,0,171,2015-12-28T14:24:26.775GMT,7,162214,272956069,87,149,0,0,2807,778,4,82968
15,0,170,2015-12-28T14:24:26.749GMT,7,160140,271919287,87,151,0,0,2812,585,3,64594
12,0,182,2015-12-28T14:24:27.091GMT,6,160753,271560767,86,205,0,0,2808,780,4,76869
12,0,183,2015-12-28T14:24:27.102GMT,5,164491,274174858,88,205,0,0,2808,780,4,80834
11,0,180,2015-12-28T14:24:27.037GMT,6,163071,273805444,88,212,0,0,2812,585,3,65382
11,0,2,2015-12-28T14:22:03.635GMT,1787,141083,273248604,87,265,0,0,2812,788,4,87595
7,0,186,2015-12-28T14:24:27.144GMT,9,167397,272847251,87,223,0,0,2811,778,4,88201
10,0,187,2015-12-28T14:24:27.237GMT,6,164993,274421672,87,181,0,0,2812,780,4,79417
1,0,184,2015-12-28T14:24:27.112GMT,6,30143,51860036,16,31,0,0,2811,195,1,93205
4,0,185,2015-12-28T14:24:27.142GMT,6,168223,271861810,87,164,0,0,2811,585,3,64736
3,0,188,2015-12-28T14:24:27.307GMT,5,163518,274474301,87,170,0,0,2811,780,4,76778
15,0,189,2015-12-28T14:24:27.309GMT,6,35847,58310801,18,75,0,0,2812,195,1,53873
3,0,11,2015-12-28T14:22:03.641GMT,1571,141333,273113749,87,209,0,0,2811,778,4,83651
0,0,10,2015-12-28T14:22:03.640GMT,1278,141952,272132818,87,296,0,0,2811,585,3,47803
13,0,13,2015-12-28T14:22:03.643GMT,1857,142158,273404273,87,242,0,0,2808,780,4,76927
1,0,12,2015-12-28T14:22:03.642GMT,1112,141316,273764850,87,281,0,0,2811,780,4,84225
4,0,15,2015-12-28T14:22:03.644GMT,1061,143927,274284626,88,360,0,0,2811,588,3,73007
9,0,14,2015-12-28T14:22:03.643GMT,1876,28629,54117850,17,113,0,1,2807,195,1,605468
15,0,17,2015-12-28T14:22:03.645GMT,1250,144960,272645035,87,596,0,0,2812,786,4,185152
12,0,16,2015-12-28T14:22:03.644GMT,1861,140749,271787980,86,249,0,0,2808,782,4,78007
5,0,19,2015-12-28T14:22:03.646GMT,1817,28576,52851673,17,107,0,1,2807,196,1,704838
11,0,18,2015-12-28T14:22:03.646GMT,1787,141518,272140051,87,265,0,0,2812,786,4,76719
9,0,62,2015-12-28T14:22:03.671GMT,1876,140684,271703268,86,215,0,0,2807,780,4,73477
4,0,63,2015-12-28T14:22:03.672GMT,1060,143631,274438808,88,360,0,0,2811,611,4,64307
12,0,322,2015-12-28T14:27:07.849GMT,5,162055,274224005,87,285,0,0,2808,780,4,77236
14,0,323,2015-12-28T14:27:08.180GMT,5,161907,273931421,87,110,0,0,2812,780,4,85197
15,0,320,2015-12-28T14:27:06.903GMT,7,161259,271702630,87,205,0,0,2812,585,3,67106
1,0,321,2015-12-28T14:27:07.725GMT,8,163013,272836478,87,157,0,0,2811,778,4,90978
11,0,326,2015-12-28T14:27:08.981GMT,5,161404,272845085,87,99,0,0,2812,778,4,82301
8,0,327,2015-12-28T14:27:08.997GMT,4,161737,274389939,87,108,0,0,2807,780,4,86090
14,0,324,2015-12-28T14:27:08.667GMT,7,31916,54829208,17,26,0,1,2812,195,1,107232
12,0,325,2015-12-28T14:27:08.901GMT,5,161941,271694703,87,290,0,0,2808,585,3,69861
9,0,328,2015-12-28T14:27:09.459GMT,5,163847,273993016,87,220,0,0,2807,780,4,78701
13,0,329,2015-12-28T14:27:09.698GMT,6,33090,57872935,18,96,0,1,2808,195,1,102639
3,0,201,2015-12-28T14:24:27.551GMT,5,163193,271999468,86,165,0,0,2811,778,4,75850
4,0,200,2015-12-28T14:24:27.549GMT,5,170367,274326603,88,166,0,0,2811,585,3,78014
11,0,203,2015-12-28T14:24:27.582GMT,6,162429,272233081,87,201,0,0,2812,780,4,85525
14,0,202,2015-12-28T14:24:27.559GMT,6,163101,273122256,87,176,0,0,2812,780,4,88120
11,0,205,2015-12-28T14:24:27.762GMT,5,163034,274221800,88,201,0,1,2812,585,3,76353
8,0,204,2015-12-28T14:24:27.731GMT,8,32934,52883183,17,30,0,0,2807,195,1,58154
13,0,207,2015-12-28T14:24:27.768GMT,7,164975,272995010,87,215,0,1,2808,780,4,86191
5,0,206,2015-12-28T14:24:27.763GMT,6,167637,272001888,86,267,0,0,2807,778,4,89603
14,0,209,2015-12-28T14:24:27.808GMT,6,36688,56256655,18,50,0,0,2812,195,1,54295
9,0,208,2015-12-28T14:24:27.774GMT,4,164206,272374369,87,184,0,0,2807,780,4,98089
13,0,77,2015-12-28T14:22:03.683GMT,1856,142690,272610859,87,242,0,0,2808,780,4,75444
1,0,76,2015-12-28T14:22:03.682GMT,1110,140730,271861914,87,281,0,0,2811,778,4,66706
3,0,75,2015-12-28T14:22:03.681GMT,1570,142231,271644549,87,214,0,0,2811,585,3,72542
0,0,74,2015-12-28T14:22:03.680GMT,1276,26983,50718005,16,98,0,1,2811,195,1,624548
14,0,73,2015-12-28T14:22:03.680GMT,1754,142028,273203805,87,215,0,0,2812,780,4,62930
7,0,72,2015-12-28T14:22:03.679GMT,1510,141884,274048200,87,232,0,0,2811,780,4,81476
10,0,71,2015-12-28T14:22:03.678GMT,1216,143281,273881547,87,208,0,0,2812,778,4,77654
6,0,70,2015-12-28T14:22:03.677GMT,10684,144182,273982953,88,297,0,0,2811,585,3,67425
4,0,79,2015-12-28T14:22:03.685GMT,1059,28444,53000337,17,139,0,1,2811,195,1,642181
9,0,78,2015-12-28T14:22:03.684GMT,1875,142664,272262372,87,215,0,0,2807,780,4,79127
1,0,542,2015-12-28T14:30:23.800GMT,4,115196,274104805,87,60,0,0,2811,788,4,63253
1,0,543,2015-12-28T14:30:24.060GMT,4,108641,272232461,87,55,0,0,2811,788,4,70580
8,0,540,2015-12-28T14:30:22.251GMT,4,106465,273509512,88,69,0,0,2807,591,3,52432
11,0,541,2015-12-28T14:30:22.390GMT,5,120307,273734868,87,160,0,0,2812,786,4,61360
1,0,546,2015-12-28T14:30:24.845GMT,5,109898,274050668,87,60,0,0,2811,778,4,70032
8,0,547,2015-12-28T14:30:25.342GMT,5,97654,271599429,86,53,0,0,2807,780,4,67160
15,0,544,2015-12-28T14:30:24.393GMT,6,27740,49833979,16,21,0,0,2812,197,1,80187
12,0,545,2015-12-28T14:30:24.822GMT,5,108357,273611918,88,47,0,0,2808,585,3,54463
7,0,8,2015-12-28T14:22:03.639GMT,1512,142762,273396487,87,232,0,0,2811,780,4,87495
6,0,548,2015-12-28T14:30:25.446GMT,4,105628,272637778,88,31,0,0,2811,780,4,60822
10,0,549,2015-12-28T14:30:25.996GMT,4,25848,50243197,16,12,0,0,2812,195,1,47314
7,0,120,2015-12-28T14:22:03.714GMT,1506,142820,271559725,87,232,0,0,2811,585,3,70550
14,0,121,2015-12-28T14:22:03.715GMT,1751,141051,271917701,87,215,0,0,2812,779,4,105489
0,0,122,2015-12-28T14:22:03.715GMT,1273,141669,272601645,87,296,0,0,2811,780,4,82134
3,0,123,2015-12-28T14:22:03.716GMT,1567,141988,272171561,87,209,0,0,2811,780,4,84373
1,0,124,2015-12-28T14:22:03.717GMT,1108,28235,52868684,17,131,0,0,2811,195,1,52939
13,0,125,2015-12-28T14:22:03.717GMT,1852,143493,274419608,88,242,0,0,2808,585,3,65314
9,0,126,2015-12-28T14:22:03.718GMT,1873,142288,272033438,86,215,0,0,2807,608,4,45655
4,0,127,2015-12-28T14:22:03.719GMT,1057,142331,272945188,87,355,0,0,2811,780,4,77865
1,0,128,2015-12-28T14:22:31.629GMT,6,163701,272825429,87,305,0,0,2811,780,4,75427
0,0,129,2015-12-28T14:22:32.012GMT,7,34251,56635915,18,145,0,0,2811,195,1,97362
8,0,69,2015-12-28T14:22:03.676GMT,1843,30053,55841060,18,115,0,1,2807,195,1,618992
12,0,414,2015-12-28T14:27:44.010GMT,5,29842,49961776,16,27,0,0,2808,195,1,46793
0,0,415,2015-12-28T14:27:44.566GMT,4,165619,273678681,88,183,0,0,2811,585,3,105627
9,0,416,2015-12-28T14:27:44.906GMT,5,167822,274293983,87,202,0,0,2807,778,4,99495
5,0,417,2015-12-28T14:27:45.778GMT,5,162872,272009048,86,211,0,0,2807,780,4,93542
6,0,410,2015-12-28T14:27:43.201GMT,5,181596,273554714,88,275,0,0,2811,585,3,84809
12,0,411,2015-12-28T14:27:43.335GMT,5,163469,273786106,87,223,0,0,2808,778,4,83676
1,0,412,2015-12-28T14:27:43.854GMT,6,164658,274124870,87,177,0,0,2811,780,4,85479
13,0,413,2015-12-28T14:27:43.942GMT,5,165606,272437505,87,174,0,0,2808,780,4,83112
3,0,498,2015-12-28T14:29:55.248GMT,6,113731,272906462,87,129,0,0,2811,784,4,65680
13,0,418,2015-12-28T14:27:45.872GMT,5,169802,273442301,88,180,0,0,2808,780,4,84519
15,0,419,2015-12-28T14:27:45.892GMT,5,29912,51040377,16,83,0,0,2812,195,1,53847
1,0,136,2015-12-28T14:22:33.097GMT,7,163435,273282723,87,295,0,0,2811,778,4,96394
11,0,319,2015-12-28T14:27:06.327GMT,7,29153,51550918,16,26,0,1,2812,195,1,64704
13,0,318,2015-12-28T14:26:24.976GMT,4,164475,273736281,88,256,0,0,2808,780,4,75672
7,0,313,2015-12-28T14:25:53.106GMT,6,169138,273136049,88,177,0,0,2811,780,4,93285
9,0,312,2015-12-28T14:25:52.236GMT,6,161582,271966523,86,217,0,1,2807,780,4,84535
14,0,311,2015-12-28T14:25:51.947GMT,6,162834,274494726,87,116,0,0,2812,778,4,84894
11,0,310,2015-12-28T14:25:50.135GMT,5,162828,274187402,88,103,0,0,2812,585,3,72837
0,0,317,2015-12-28T14:26:24.680GMT,5,162686,271561567,86,229,0,0,2811,780,4,70976
3,0,316,2015-12-28T14:26:21.911GMT,6,163113,274039919,87,105,0,0,2811,778,4,85871
8,0,315,2015-12-28T14:26:03.649GMT,5,164823,273847610,88,102,0,1,2807,585,3,75132
13,0,314,2015-12-28T14:25:54.651GMT,5,30314,50715903,16,18,0,0,2808,195,1,59052
11,0,139,2015-12-28T14:22:33.789GMT,8,33583,56265820,18,110,0,0,2812,195,1,62386
7,0,138,2015-12-28T14:22:33.400GMT,6,166309,272239962,87,217,0,0,2811,780,4,75145
5,0,3,2015-12-28T14:22:03.636GMT,1817,142707,273184986,87,389,0,0,2807,788,4,82653
4,0,368,2015-12-28T14:27:15.373GMT,5,170093,272912496,87,199,0,0,2811,786,4,86359
5,0,369,2015-12-28T14:27:15.408GMT,7,32475,53530261,17,30,0,0,2807,196,1,60513
0,0,366,2015-12-28T14:27:14.891GMT,5,166735,273594690,87,233,0,0,2811,782,4,86023
14,0,367,2015-12-28T14:27:15.067GMT,6,167745,274361312,87,107,0,1,2812,786,4,81289
13,0,364,2015-12-28T14:27:14.863GMT,5,31000,50465273,16,96,0,0,2808,195,1,60334
0,0,365,2015-12-28T14:27:14.870GMT,5,170336,273412085,88,233,0,0,2811,588,3,70747
7,0,362,2015-12-28T14:27:14.553GMT,5,167404,274212968,87,175,0,0,2811,780,4,93179
5,0,363,2015-12-28T14:27:14.605GMT,6,162592,272843940,87,152,0,0,2807,780,4,92386
0,0,360,2015-12-28T14:27:14.192GMT,5,170204,273325350,88,233,0,0,2811,585,3,63920
10,0,361,2015-12-28T14:27:14.411GMT,4,166976,273504548,87,196,0,0,2812,778,4,79380
4,0,380,2015-12-28T14:27:17.924GMT,6,176110,273858218,88,192,0,0,2811,585,3,69471
7,0,381,2015-12-28T14:27:17.993GMT,4,173036,273966909,87,181,0,0,2811,778,4,85287
4,0,382,2015-12-28T14:27:18.021GMT,4,174330,271563597,86,192,0,0,2811,780,4,129790
8,0,383,2015-12-28T14:27:19.051GMT,5,169778,272997277,88,120,0,0,2807,780,4,86000
13,0,384,2015-12-28T14:27:19.869GMT,21,31079,50514363,16,91,0,0,2808,195,1,110474
2,0,385,2015-12-28T14:27:21.139GMT,5,168782,273479016,88,118,0,0,2807,585,3,77194
4,0,386,2015-12-28T14:27:21.553GMT,5,171074,273650126,87,192,0,0,2811,778,4,64106
4,0,387,2015-12-28T14:27:21.959GMT,5,169845,271590078,86,192,0,0,2811,780,4,83646
2,0,388,2015-12-28T14:27:24.211GMT,6,168140,273515718,88,113,0,0,2807,780,4,86276
2,0,389,2015-12-28T14:27:24.466GMT,5,32900,54350647,17,38,0,0,2807,195,1,61852
1,0,60,2015-12-28T14:22:03.669GMT,1110,144090,274137560,88,281,0,0,2811,585,3,66351
13,0,61,2015-12-28T14:22:03.670GMT,1855,141351,274043069,87,242,0,0,2808,778,4,86561
6,0,258,2015-12-28T14:24:37.997GMT,6,174308,272100220,87,178,0,0,2811,780,4,78585
2,0,259,2015-12-28T14:24:38.477GMT,6,32458,52927994,17,93,0,0,2807,195,1,58973
12,0,64,2015-12-28T14:22:03.672GMT,1863,26745,52104456,16,98,0,1,2808,195,1,590421
15,0,65,2015-12-28T14:22:03.673GMT,1248,141763,274571976,88,596,0,0,2812,585,3,70702
11,0,66,2015-12-28T14:22:03.674GMT,1785,140598,271793863,86,265,0,0,2812,778,4,95924
5,0,67,2015-12-28T14:22:03.675GMT,1816,142546,272379274,87,389,0,0,2807,780,4,83653
6,0,252,2015-12-28T14:24:36.810GMT,6,171299,272852394,86,178,0,0,2811,780,4,80188
6,0,253,2015-12-28T14:24:36.989GMT,6,174768,272086911,87,178,0,0,2811,780,4,94154
2,0,250,2015-12-28T14:24:36.328GMT,7,168654,274088514,88,254,0,0,2807,585,3,97605
2,0,251,2015-12-28T14:24:36.536GMT,5,167671,274616795,87,254,0,0,2807,778,4,84009
2,0,256,2015-12-28T14:24:37.592GMT,5,166871,271660519,86,249,0,0,2807,778,4,87426
2,0,257,2015-12-28T14:24:37.978GMT,6,167592,272640869,87,249,0,0,2807,780,4,85365
6,0,254,2015-12-28T14:24:37.535GMT,13,33862,52822891,17,100,0,0,2811,195,1,56446
6,0,255,2015-12-28T14:24:37.584GMT,4,175766,274136807,88,178,0,0,2811,585,3,72502
3,0,508,2015-12-28T14:29:58.592GMT,23,107200,271623764,87,129,0,0,2811,780,4,88157
3,0,509,2015-12-28T14:29:58.619GMT,3,30099,52250616,17,89,0,0,2811,195,1,61457
9,0,506,2015-12-28T14:29:58.010GMT,4,123310,273251760,87,102,0,0,2807,778,4,90497
3,0,507,2015-12-28T14:29:58.421GMT,5,102085,273583007,87,122,0,0,2811,780,4,84737
3,0,504,2015-12-28T14:29:57.366GMT,6,29650,49718253,16,89,0,0,2811,195,1,47303
12,0,505,2015-12-28T14:29:57.667GMT,5,120448,273414318,88,76,0,0,2808,585,3,48830
5,0,502,2015-12-28T14:29:57.204GMT,5,130359,274054441,87,122,0,0,2807,780,4,67336
8,0,503,2015-12-28T14:29:57.348GMT,5,120483,272120473,87,129,0,0,2807,780,4,64696
10,0,500,2015-12-28T14:29:56.618GMT,5,114385,273886560,88,96,0,0,2812,585,3,57254
9,0,501,2015-12-28T14:29:56.978GMT,5,116647,273921785,87,102,0,0,2807,778,4,59296
8,0,469,2015-12-28T14:28:48.481GMT,26,31779,53346154,17,18,0,0,2807,195,1,98014
12,0,468,2015-12-28T14:28:45.661GMT,5,146506,272728493,87,98,0,0,2808,780,4,59787
14,0,465,2015-12-28T14:28:34.791GMT,9,150388,274028498,88,140,0,0,2812,585,3,54239
5,0,464,2015-12-28T14:28:34.506GMT,5,32365,52158897,16,18,0,0,2807,195,1,66646
7,0,467,2015-12-28T14:28:42.253GMT,6,150761,274421544,87,145,0,1,2811,780,4,66259
6,0,466,2015-12-28T14:28:40.004GMT,5,160316,273989946,87,95,0,0,2811,778,4,63120
1,0,461,2015-12-28T14:28:32.456GMT,8,155054,271782700,86,165,0,0,2811,778,4,63710
15,0,460,2015-12-28T14:28:30.231GMT,5,157040,274201159,88,95,0,0,2812,585,3,51433
9,0,463,2015-12-28T14:28:33.824GMT,5,155759,274519380,88,124,0,0,2807,780,4,87780
11,0,462,2015-12-28T14:28:32.967GMT,4,159209,272693750,87,241,0,0,2812,780,4,60198
3,0,168,2015-12-28T14:24:26.660GMT,6,164382,274052810,87,170,0,0,2811,780,4,84408
0,0,169,2015-12-28T14:24:26.691GMT,9,33926,57905704,18,107,0,0,2811,195,1,58919
12,0,164,2015-12-28T14:24:26.338GMT,10,31752,54227553,17,106,0,0,2808,195,1,61225
12,0,165,2015-12-28T14:24:26.466GMT,5,162424,272039433,87,216,0,0,2808,585,3,73672
14,0,166,2015-12-28T14:24:26.555GMT,6,162099,273462016,87,202,0,0,2812,778,4,87835
11,0,167,2015-12-28T14:24:26.603GMT,5,162373,274601733,87,212,0,0,2812,780,4,87181
0,0,160,2015-12-28T14:24:25.989GMT,9,164627,274485565,88,293,0,0,2811,585,3,70403
11,0,161,2015-12-28T14:24:26.117GMT,7,160198,272015323,86,212,0,0,2812,778,4,81987
1,0,162,2015-12-28T14:24:26.178GMT,18,161522,273519312,87,205,0,0,2811,780,4,77963
9,0,163,2015-12-28T14:24:26.309GMT,7,163143,273276704,87,184,0,0,2807,780,4,84283
14,0,9,2015-12-28T14:22:03.640GMT,1756,26840,50993805,16,94,0,0,2812,195,1,594632
9,0,357,2015-12-28T14:27:13.499GMT,5,170406,271924239,86,226,0,0,2807,780,4,80217
10,0,356,2015-12-28T14:27:13.230GMT,4,166255,274438855,87,190,0,0,2812,778,4,79647
12,0,355,2015-12-28T14:27:13.111GMT,6,164552,273960540,88,284,0,0,2808,585,3,62274
13,0,354,2015-12-28T14:27:12.755GMT,6,31174,51953495,16,96,0,1,2808,195,1,99429
3,0,353,2015-12-28T14:27:12.739GMT,5,165843,274348968,88,102,0,0,2811,780,4,77028
8,0,352,2015-12-28T14:27:12.641GMT,5,164694,272774976,87,115,0,0,2807,780,4,84165
10,0,351,2015-12-28T14:27:12.242GMT,5,164366,272175928,86,190,0,0,2812,778,4,121538
9,0,350,2015-12-28T14:27:11.988GMT,6,166016,274415147,88,220,0,0,2807,585,3,73815
0,0,359,2015-12-28T14:27:14.069GMT,6,32616,50895297,16,85,0,0,2811,195,1,54299
9,0,358,2015-12-28T14:27:13.561GMT,4,176451,273328261,88,260,0,0,2807,780,4,84581
13,0,216,2015-12-28T14:24:28.073GMT,5,162581,274177706,87,215,0,0,2808,778,4,79901
7,0,217,2015-12-28T14:24:28.078GMT,7,169906,271658412,86,223,0,0,2811,780,4,62221
7,0,214,2015-12-28T14:24:28.021GMT,6,34523,53724998,17,85,0,0,2811,195,1,61996
4,0,215,2015-12-28T14:24:28.035GMT,4,169408,273938018,88,166,0,0,2811,585,3,63857
10,0,212,2015-12-28T14:24:27.912GMT,5,163373,273496177,87,181,0,0,2812,780,4,82271
9,0,213,2015-12-28T14:24:27.914GMT,5,163429,273012915,87,184,0,0,2807,780,4,75299
10,0,210,2015-12-28T14:24:27.830GMT,7,169398,271570428,87,181,0,0,2812,585,3,70662
8,0,211,2015-12-28T14:24:27.906GMT,6,171139,272392040,87,151,0,0,2807,778,4,80805
5,0,218,2015-12-28T14:24:28.101GMT,8,167411,273484076,88,267,0,0,2807,610,4,73708
8,0,219,2015-12-28T14:24:28.106GMT,4,31671,51102211,16,30,0,0,2807,195,1,95697
1,0,289,2015-12-28T14:25:16.545GMT,6,32250,55035526,17,19,0,0,2811,195,1,53286
12,0,288,2015-12-28T14:25:16.147GMT,6,164070,274382015,88,164,0,0,2808,780,4,99500
2,0,4,2015-12-28T14:22:03.637GMT,791,32846,56897575,18,262,0,0,2807,197,1,51984
6,0,281,2015-12-28T14:25:11.413GMT,9,173796,271824431,86,152,0,0,2811,778,4,101247
2,0,280,2015-12-28T14:25:10.945GMT,7,168620,274354025,88,194,0,0,2807,585,3,74403
15,0,283,2015-12-28T14:25:14.496GMT,7,165485,274150134,88,145,0,0,2812,780,4,75886
15,0,282,2015-12-28T14:25:13.677GMT,7,187762,272488509,87,217,0,0,2812,780,4,78690
14,0,285,2015-12-28T14:25:15.176GMT,6,163905,273976007,88,159,0,0,2812,585,3,75383
10,0,284,2015-12-28T14:25:15.150GMT,5,30262,51625072,16,77,0,0,2812,195,1,58189
11,0,287,2015-12-28T14:25:15.515GMT,5,161272,272454286,87,151,0,0,2812,780,4,85010
1,0,286,2015-12-28T14:25:15.344GMT,6,160912,271636773,86,156,0,0,2811,778,4,87979
1,0,263,2015-12-28T14:24:57.266GMT,6,163691,272653215,87,248,0,1,2811,780,4,84971
1,0,262,2015-12-28T14:24:55.719GMT,6,162303,273155720,87,242,0,0,2811,780,4,100082
6,0,261,2015-12-28T14:24:39.872GMT,6,183324,272108385,87,229,0,0,2811,778,4,92323
6,0,260,2015-12-28T14:24:38.607GMT,6,173231,271654336,87,178,0,0,2811,585,3,64068
5,0,267,2015-12-28T14:24:59.092GMT,8,166676,271756541,86,170,0,0,2807,780,4,98976
12,0,266,2015-12-28T14:24:59.014GMT,6,162048,274149008,87,196,0,0,2808,778,4,84256
12,0,265,2015-12-28T14:24:58.104GMT,6,165225,273794523,88,206,0,0,2808,585,3,77412
0,0,264,2015-12-28T14:24:58.013GMT,6,32648,53467972,17,27,0,0,2811,195,1,66835
8,0,269,2015-12-28T14:24:59.785GMT,7,32875,54488968,17,54,0,0,2807,195,1,53472
1,0,268,2015-12-28T14:24:59.313GMT,6,164529,273747894,88,239,0,0,2811,780,4,81820
3,0,59,2015-12-28T14:22:03.668GMT,1570,26835,50117929,16,89,0,0,2811,195,1,598173
0,0,58,2015-12-28T14:22:03.668GMT,1277,141761,272545622,87,296,0,0,2811,780,4,77392
10,0,55,2015-12-28T14:22:03.666GMT,1212,143909,273693541,88,208,0,0,2812,585,3,64584
6,0,54,2015-12-28T14:22:03.666GMT,10685,26955,49099785,16,113,0,1,2811,195,1,615115
14,0,57,2015-12-28T14:22:03.667GMT,1756,141325,273395080,87,215,0,0,2812,780,4,117096
7,0,56,2015-12-28T14:22:03.667GMT,1511,142976,273492178,87,232,0,0,2811,778,4,60653
5,0,51,2015-12-28T14:22:03.664GMT,1816,142208,272708327,87,389,0,0,2807,778,4,94682
11,0,50,2015-12-28T14:22:03.664GMT,1786,142242,273234298,88,276,0,0,2812,585,3,52883
8,0,53,2015-12-28T14:22:03.665GMT,1843,142146,271607755,87,220,0,0,2807,780,4,76462
2,0,52,2015-12-28T14:22:03.665GMT,791,152009,272517948,87,530,0,0,2807,780,4,77799
11,0,537,2015-12-28T14:30:18.156GMT,5,121119,274595230,87,210,0,1,2812,780,4,67653
4,0,536,2015-12-28T14:30:14.041GMT,5,118872,274024325,87,126,0,0,2811,778,4,69101
2,0,535,2015-12-28T14:30:13.765GMT,5,101268,273675898,88,53,0,0,2807,585,3,54276
4,0,534,2015-12-28T14:30:12.634GMT,4,31709,50994400,16,85,0,0,2811,195,1,104387
4,0,533,2015-12-28T14:30:12.438GMT,5,131193,273350288,88,130,0,0,2811,780,4,58485
4,0,532,2015-12-28T14:30:12.356GMT,9,118686,271823175,86,126,0,0,2811,780,4,66015
2,0,531,2015-12-28T14:30:12.354GMT,4,101532,274002470,87,53,0,0,2807,778,4,67949
7,0,530,2015-12-28T14:30:12.080GMT,5,101585,273872933,88,109,0,0,2811,585,3,55364
6,0,539,2015-12-28T14:30:22.217GMT,5,25083,50537081,16,14,0,0,2811,195,1,46502
15,0,538,2015-12-28T14:30:18.853GMT,13,98751,272902602,87,38,0,0,2812,780,4,58593
5,0,115,2015-12-28T14:22:03.711GMT,1812,143314,274469495,88,389,0,1,2807,588,3,79971
2,0,68,2015-12-28T14:22:03.676GMT,790,151802,272037593,87,530,0,0,2807,780,4,77778
8,0,117,2015-12-28T14:22:03.712GMT,1840,142523,273315771,87,220,0,0,2807,784,4,66951
2,0,116,2015-12-28T14:22:03.711GMT,788,150658,272160547,86,530,0,0,2807,782,4,83336
4,0,111,2015-12-28T14:22:03.708GMT,1058,142732,274199686,87,360,0,0,2811,778,4,72692
9,0,110,2015-12-28T14:22:03.707GMT,1874,143575,273889448,88,223,0,0,2807,585,3,71236
15,0,113,2015-12-28T14:22:03.709GMT,1246,142323,271899195,87,596,0,0,2812,780,4,76661
12,0,112,2015-12-28T14:22:03.708GMT,1858,141501,271965920,86,260,0,0,2808,780,4,72136
10,0,119,2015-12-28T14:22:03.713GMT,1208,29106,53934865,17,107,0,0,2812,196,1,57846
6,0,118,2015-12-28T14:22:03.713GMT,10681,143571,273203332,87,297,0,0,2811,784,4,85358
1,0,429,2015-12-28T14:27:56.268GMT,5,32170,54118435,17,24,0,0,2811,195,1,99525
7,0,428,2015-12-28T14:27:53.752GMT,6,170611,273449885,88,155,0,1,2811,780,4,64654
5,0,421,2015-12-28T14:27:47.826GMT,5,168446,273916859,87,218,0,0,2807,778,4,72071
0,0,420,2015-12-28T14:27:46.695GMT,5,169183,273638094,88,177,0,0,2811,585,3,68067
5,0,423,2015-12-28T14:27:49.516GMT,4,169510,273317383,88,213,0,0,2807,780,4,64771
5,0,422,2015-12-28T14:27:47.893GMT,5,167080,271584927,86,218,0,0,2807,780,4,91572
7,0,425,2015-12-28T14:27:49.850GMT,5,170167,273784990,88,160,0,0,2811,585,3,72318
15,0,424,2015-12-28T14:27:49.702GMT,5,32215,50886641,16,83,0,0,2812,195,1,52882
10,0,427,2015-12-28T14:27:53.174GMT,6,167603,271622577,86,214,0,0,2812,780,4,74906
13,0,426,2015-12-28T14:27:50.976GMT,5,169023,274208010,87,181,0,0,2808,778,4,84967
1,0,308,2015-12-28T14:25:48.806GMT,5,163640,274461054,88,153,0,0,2811,780,4,82167
3,0,309,2015-12-28T14:25:49.738GMT,5,32163,55347896,17,20,0,0,2811,195,1,54278
2,0,300,2015-12-28T14:25:25.201GMT,6,168379,273819916,88,196,0,0,2807,585,3,72732
2,0,301,2015-12-28T14:25:28.644GMT,6,168386,274089657,87,196,0,0,2807,778,4,91169
0,0,302,2015-12-28T14:25:30.671GMT,6,165583,271760943,86,266,0,0,2811,780,4,113497
8,0,303,2015-12-28T14:25:32.671GMT,5,168736,273625152,88,116,0,0,2807,780,4,75419
8,0,304,2015-12-28T14:25:33.404GMT,5,30234,51216696,16,30,0,0,2807,195,1,53454
14,0,305,2015-12-28T14:25:36.005GMT,6,169320,273799630,88,106,0,0,2812,585,3,66487
10,0,306,2015-12-28T14:25:45.422GMT,5,163697,274371008,87,113,0,0,2812,778,4,88086
6,0,307,2015-12-28T14:25:46.022GMT,6,185978,272356665,86,307,0,0,2811,780,4,81626
0,0,181,2015-12-28T14:24:27.052GMT,5,167836,273956433,87,293,0,0,2811,778,4,61243
8,0,229,2015-12-28T14:24:28.615GMT,4,33360,56657657,18,30,0,0,2807,195,1,88900
4,0,228,2015-12-28T14:24:28.443GMT,6,173509,272857512,87,166,0,0,2811,780,4,101066
8,0,227,2015-12-28T14:24:28.381GMT,4,164253,273554844,87,145,0,0,2807,780,4,79742
13,0,226,2015-12-28T14:24:28.300GMT,5,166552,272298545,86,215,0,1,2808,778,4,100905
9,0,225,2015-12-28T14:24:28.288GMT,6,165268,274302035,88,184,0,0,2807,585,3,59252
5,0,224,2015-12-28T14:24:28.261GMT,5,30822,51612540,16,127,0,0,2807,195,1,115550
10,0,223,2015-12-28T14:24:28.245GMT,4,166157,273904423,87,181,0,0,2812,780,4,84141
7,0,222,2015-12-28T14:24:28.235GMT,5,168416,274611518,87,223,0,0,2811,780,4,86417
12,0,221,2015-12-28T14:24:28.223GMT,7,163442,273911933,87,205,0,0,2808,778,4,70647
0,0,220,2015-12-28T14:24:28.189GMT,5,165997,273742240,88,293,0,0,2811,585,3,42627
11,0,114,2015-12-28T14:22:03.710GMT,1783,28265,52722202,17,112,0,0,2812,195,1,52000
7,0,88,2015-12-28T14:22:03.691GMT,1507,143649,273259215,87,232,0,0,2811,780,4,64077
2,0,390,2015-12-28T14:27:24.988GMT,6,168774,274112871,88,113,0,0,2807,585,3,78255
2,0,151,2015-12-28T14:22:37.378GMT,7,171261,274437036,87,379,0,0,2807,778,4,79866
13,0,150,2015-12-28T14:22:36.651GMT,7,166074,274105646,88,219,0,0,2808,585,3,68658
7,0,153,2015-12-28T14:23:05.257GMT,6,167841,271659040,87,230,0,0,2811,780,4,81832
6,0,152,2015-12-28T14:22:41.388GMT,9,184626,272151755,86,309,0,0,2811,780,4,94001
9,0,155,2015-12-28T14:23:06.412GMT,7,165817,274064043,88,184,0,0,2807,585,3,71271
0,0,154,2015-12-28T14:23:06.276GMT,7,32071,52256395,17,22,0,0,2811,195,1,53833
14,0,157,2015-12-28T14:23:10.874GMT,7,161057,271906067,86,202,0,0,2812,780,4,85467
11,0,156,2015-12-28T14:23:07.385GMT,7,162735,274057681,87,214,0,0,2812,778,4,85677
1,0,159,2015-12-28T14:24:25.593GMT,7,30114,51974637,16,31,0,0,2811,195,1,60631
0,0,158,2015-12-28T14:23:38.359GMT,9,166312,274233251,88,294,0,1,2811,780,4,85314
12,0,80,2015-12-28T14:22:03.685GMT,1859,143795,274367748,88,260,0,0,2808,585,3,64874
11,0,398,2015-12-28T14:27:35.491GMT,5,162660,273635816,87,97,0,0,2812,780,4,85929
12,0,48,2015-12-28T14:22:03.662GMT,1860,142634,272575791,87,260,0,0,2808,780,4,82545
15,0,49,2015-12-28T14:22:03.663GMT,1250,29410,53139432,17,138,0,1,2812,195,1,652511
9,0,46,2015-12-28T14:22:03.661GMT,1877,142150,273763355,87,215,0,0,2807,778,4,80820
4,0,47,2015-12-28T14:22:03.662GMT,1061,142599,273788072,87,360,0,0,2811,780,4,79374
1,0,44,2015-12-28T14:22:03.660GMT,1111,26763,50910157,16,107,0,0,2811,195,1,720746
13,0,45,2015-12-28T14:22:03.661GMT,1856,143234,273829223,88,242,0,0,2808,585,3,73856
0,0,42,2015-12-28T14:22:03.659GMT,1278,141923,274042165,87,296,0,0,2811,780,4,84323
3,0,43,2015-12-28T14:22:03.660GMT,1571,142075,273303174,87,209,0,0,2811,780,4,81716
7,0,40,2015-12-28T14:22:03.658GMT,1513,144374,273665726,88,249,0,1,2811,585,3,67890
14,0,41,2015-12-28T14:22:03.659GMT,1757,141457,273626503,87,215,0,0,2812,778,4,77109
8,0,5,2015-12-28T14:22:03.638GMT,1844,143032,274006089,88,220,0,0,2807,585,3,52576
8,0,489,2015-12-28T14:29:53.587GMT,4,33629,55312898,18,83,0,0,2807,195,1,62864
9,0,488,2015-12-28T14:29:53.311GMT,5,124060,271538435,87,102,0,0,2807,780,4,79374
11,0,487,2015-12-28T14:29:50.892GMT,5,139710,272577472,87,229,0,0,2812,780,4,88070
12,0,486,2015-12-28T14:29:50.845GMT,5,120832,271679912,86,76,0,0,2808,778,4,60987
1,0,485,2015-12-28T14:29:50.755GMT,5,125260,274079619,88,144,0,0,2811,585,3,79406
8,0,484,2015-12-28T14:29:50.739GMT,4,31505,52840327,17,74,0,0,2807,195,1,64310
14,0,483,2015-12-28T14:29:50.617GMT,5,110047,271974790,87,111,0,0,2812,780,4,64543
11,0,482,2015-12-28T14:29:50.390GMT,6,141879,273168400,87,234,0,0,2812,780,4,91626
14,0,481,2015-12-28T14:29:50.097GMT,5,105925,271868635,86,111,0,0,2812,778,4,71686
12,0,480,2015-12-28T14:29:49.907GMT,7,125099,274176883,88,76,0,0,2808,585,3,54639
10,0,472,2015-12-28T14:28:59.692GMT,5,147128,274344866,87,163,0,0,2812,780,4,78513
3,0,473,2015-12-28T14:29:05.035GMT,5,133607,272778055,87,142,0,0,2811,780,4,88493
6,0,470,2015-12-28T14:28:52.004GMT,5,145317,273686467,88,86,0,0,2811,585,3,54762
8,0,471,2015-12-28T14:28:52.359GMT,4,152150,273715058,87,157,0,0,2807,778,4,76668
13,0,476,2015-12-28T14:29:09.458GMT,5,125532,271920891,86,63,0,0,2808,778,4,62786
8,0,477,2015-12-28T14:29:20.289GMT,5,135029,272904887,87,144,0,0,2807,780,4,66490
5,0,474,2015-12-28T14:29:06.892GMT,5,30041,50537142,16,23,0,0,2807,195,1,62093
0,0,475,2015-12-28T14:29:07.371GMT,11,137067,274538749,88,136,0,0,2811,585,3,54151
5,0,478,2015-12-28T14:29:36.947GMT,5,141681,271937365,87,129,0,0,2807,780,4,66135
15,0,479,2015-12-28T14:29:48.176GMT,5,30667,52702719,17,14,0,0,2812,195,1,54991
